poisoning_rate,seed,defense,metric,android_minus_malmem
0.01,42,E1_No_Defense,accuracy,0.01327389623077524
0.01,42,E2_Integrity_Only,accuracy,0.009864315335990859
0.01,42,E3_Anomaly_Only,accuracy,0.017288103047252812
0.01,42,E4_PoisonShield,accuracy,0.01300702804507603
0.01,123,E1_No_Defense,accuracy,0.015310938429672794
0.01,123,E2_Integrity_Only,accuracy,0.00919981183298002
0.01,123,E3_Anomaly_Only,accuracy,0.019009239386096555
0.01,123,E4_PoisonShield,accuracy,0.015975441932683188
0.01,2026,E1_No_Defense,accuracy,0.010937294063275593
0.01,2026,E2_Integrity_Only,accuracy,0.0073370684555610355
0.01,2026,E3_Anomaly_Only,accuracy,0.015109453809780016
0.01,2026,E4_PoisonShield,accuracy,0.013181326866554599
0.05,42,E1_No_Defense,accuracy,0.01343184916080209
0.05,42,E2_Integrity_Only,accuracy,0.010289136451716363
0.05,42,E3_Anomaly_Only,accuracy,0.018834940564618097
0.05,42,E4_PoisonShield,accuracy,0.011443844636259248
0.05,123,E1_No_Defense,accuracy,0.005773885046744032
0.05,123,E2_Integrity_Only,accuracy,0.008584346004324228
0.05,123,E3_Anomaly_Only,accuracy,0.014428604415317792
0.05,123,E4_PoisonShield,accuracy,0.01205931046491504
0.05,2026,E1_No_Defense,accuracy,0.0071627696340825775
0.05,2026,E2_Integrity_Only,accuracy,0.005931837976770771
0.05,2026,E3_Anomaly_Only,accuracy,0.011193322342011536
0.05,2026,E4_PoisonShield,accuracy,0.013922053842334026
0.1,42,E1_No_Defense,accuracy,0.008235748361367423
0.1,42,E2_Integrity_Only,accuracy,0.0030723393448360836
0.1,42,E3_Anomaly_Only,accuracy,0.02118788862356935
0.1,42,E4_PoisonShield,accuracy,0.009183465941528413
0.1,123,E1_No_Defense,accuracy,0.008186710687012821
0.1,123,E2_Integrity_Only,accuracy,0.003862103994970445
0.1,123,E3_Anomaly_Only,accuracy,0.01300702804507603
0.1,123,E4_PoisonShield,accuracy,0.006705256735453635
0.1,2026,E1_No_Defense,accuracy,0.005457979186690443
0.1,2026,E2_Integrity_Only,accuracy,0.00793618839276522
0.1,2026,E3_Anomaly_Only,accuracy,0.018960201711741842
0.1,2026,E4_PoisonShield,accuracy,0.011411152853356032
0.2,42,E1_No_Defense,accuracy,-0.0018078555945447716
0.2,42,E2_Integrity_Only,accuracy,0.001650762974594433
0.2,42,E3_Anomaly_Only,accuracy,0.0096900165145124
0.2,42,E4_PoisonShield,accuracy,0.005583240333813966
0.2,123,E1_No_Defense,accuracy,0.0019503229431964142
0.2,123,E2_Integrity_Only,accuracy,0.001476464153115975
0.2,123,E3_Anomaly_Only,accuracy,0.000626821921664189
0.2,123,E4_PoisonShield,accuracy,0.00198301472609963
0.2,2026,E1_No_Defense,accuracy,-0.0010017450529589134
0.2,2026,E2_Integrity_Only,accuracy,0.005392595620884011
0.2,2026,E3_Anomaly_Only,accuracy,0.000975419564621216
0.2,2026,E4_PoisonShield,accuracy,0.008568000112872842
0.01,42,E1_No_Defense,macro_precision,0.13336900248165795
0.01,42,E2_Integrity_Only,macro_precision,0.12901335442849593
0.01,42,E3_Anomaly_Only,macro_precision,0.1466178850362786
0.01,42,E4_PoisonShield,macro_precision,0.13079137954325493
0.01,123,E1_No_Defense,macro_precision,0.13375458751793068
0.01,123,E2_Integrity_Only,macro_precision,0.12561722042631207
0.01,123,E3_Anomaly_Only,macro_precision,0.14771408128291896
0.01,123,E4_PoisonShield,macro_precision,0.1358486085951126
0.01,2026,E1_No_Defense,macro_precision,0.1274463427527207
0.01,2026,E2_Integrity_Only,macro_precision,0.12115663492107287
0.01,2026,E3_Anomaly_Only,macro_precision,0.14211104699935162
0.01,2026,E4_PoisonShield,macro_precision,0.13534012496894132
0.05,42,E1_No_Defense,macro_precision,0.1334579210905935
0.05,42,E2_Integrity_Only,macro_precision,0.12717302842587952
0.05,42,E3_Anomaly_Only,macro_precision,0.14570120783444118
0.05,42,E4_PoisonShield,macro_precision,0.12795745334862563
0.05,123,E1_No_Defense,macro_precision,0.11686610482693693
0.05,123,E2_Integrity_Only,macro_precision,0.12499069099850069
0.05,123,E3_Anomaly_Only,macro_precision,0.1378889225205352
0.05,123,E4_PoisonShield,macro_precision,0.12955757914287636
0.05,2026,E1_No_Defense,macro_precision,0.12151400171231519
0.05,2026,E2_Integrity_Only,macro_precision,0.12017984258942616
0.05,2026,E3_Anomaly_Only,macro_precision,0.13718041287780314
0.05,2026,E4_PoisonShield,macro_precision,0.13363494795163255
0.1,42,E1_No_Defense,macro_precision,0.12075389795992741
0.1,42,E2_Integrity_Only,macro_precision,0.11188033650206686
0.1,42,E3_Anomaly_Only,macro_precision,0.15264039712202637
0.1,42,E4_PoisonShield,macro_precision,0.12168077553877454
0.1,123,E1_No_Defense,macro_precision,0.11307729516233977
0.1,123,E2_Integrity_Only,macro_precision,0.11288154030593467
0.1,123,E3_Anomaly_Only,macro_precision,0.13183235946886873
0.1,123,E4_PoisonShield,macro_precision,0.12095301644363043
0.1,2026,E1_No_Defense,macro_precision,0.11500821300749842
0.1,2026,E2_Integrity_Only,macro_precision,0.12218463517869416
0.1,2026,E3_Anomaly_Only,macro_precision,0.14480994891999377
0.1,2026,E4_PoisonShield,macro_precision,0.1259124141369321
0.2,42,E1_No_Defense,macro_precision,0.10498588184659763
0.2,42,E2_Integrity_Only,macro_precision,0.10830439422073446
0.2,42,E3_Anomaly_Only,macro_precision,0.12509022151551707
0.2,42,E4_PoisonShield,macro_precision,0.11593786565774766
0.2,123,E1_No_Defense,macro_precision,0.10472621729598297
0.2,123,E2_Integrity_Only,macro_precision,0.10586772295220548
0.2,123,E3_Anomaly_Only,macro_precision,0.11081631822349891
0.2,123,E4_PoisonShield,macro_precision,0.11121650359734325
0.2,2026,E1_No_Defense,macro_precision,0.10102255304235219
0.2,2026,E2_Integrity_Only,macro_precision,0.11403103761368383
0.2,2026,E3_Anomaly_Only,macro_precision,0.11073818562100401
0.2,2026,E4_PoisonShield,macro_precision,0.12397728546576725
0.01,42,E1_No_Defense,macro_recall,0.128351365422252
0.01,42,E2_Integrity_Only,macro_recall,0.12339083887676194
0.01,42,E3_Anomaly_Only,macro_recall,0.13980716305817853
0.01,42,E4_PoisonShield,macro_recall,0.1332715494831579
0.01,123,E1_No_Defense,macro_recall,0.13312155771441836
0.01,123,E2_Integrity_Only,macro_recall,0.11994489011581422
0.01,123,E3_Anomaly_Only,macro_recall,0.1432878945754874
0.01,123,E4_PoisonShield,macro_recall,0.13562968227498862
0.01,2026,E1_No_Defense,macro_recall,0.12371372568773797
0.01,2026,E2_Integrity_Only,macro_recall,0.12078439129785268
0.01,2026,E3_Anomaly_Only,macro_recall,0.1367121617356578
0.01,2026,E4_PoisonShield,macro_recall,0.1334868977312853
0.05,42,E1_No_Defense,macro_recall,0.1250872931417344
0.05,42,E2_Integrity_Only,macro_recall,0.12146781295118192
0.05,42,E3_Anomaly_Only,macro_recall,0.1390592589299655
0.05,42,E4_PoisonShield,macro_recall,0.12983051378721266
0.05,123,E1_No_Defense,macro_recall,0.1174127598705228
0.05,123,E2_Integrity_Only,macro_recall,0.11985741271851458
0.05,123,E3_Anomaly_Only,macro_recall,0.13312723679385174
0.05,123,E4_PoisonShield,macro_recall,0.13084418394958142
0.05,2026,E1_No_Defense,macro_recall,0.11701555772970262
0.05,2026,E2_Integrity_Only,macro_recall,0.11778674192963579
0.05,2026,E3_Anomaly_Only,macro_recall,0.12843950909663915
0.05,2026,E4_PoisonShield,macro_recall,0.12727637795431634
0.1,42,E1_No_Defense,macro_recall,0.1161902744674913
0.1,42,E2_Integrity_Only,macro_recall,0.10793684299442197
0.1,42,E3_Anomaly_Only,macro_recall,0.14735456639790556
0.1,42,E4_PoisonShield,macro_recall,0.11929334186115914
0.1,123,E1_No_Defense,macro_recall,0.11037988500583762
0.1,123,E2_Integrity_Only,macro_recall,0.11070850563524104
0.1,123,E3_Anomaly_Only,macro_recall,0.12661091880349606
0.1,123,E4_PoisonShield,macro_recall,0.11685714331206842
0.1,2026,E1_No_Defense,macro_recall,0.1130628039720607
0.1,2026,E2_Integrity_Only,macro_recall,0.116043294847603
0.1,2026,E3_Anomaly_Only,macro_recall,0.1338546412810896
0.1,2026,E4_PoisonShield,macro_recall,0.12663585976702307
0.2,42,E1_No_Defense,macro_recall,0.09642007542148312
0.2,42,E2_Integrity_Only,macro_recall,0.10396317465508587
0.2,42,E3_Anomaly_Only,macro_recall,0.12128837109290125
0.2,42,E4_PoisonShield,macro_recall,0.11083209017814966
0.2,123,E1_No_Defense,macro_recall,0.09999643161966298
0.2,123,E2_Integrity_Only,macro_recall,0.10107475157415846
0.2,123,E3_Anomaly_Only,macro_recall,0.10461788359737689
0.2,123,E4_PoisonShield,macro_recall,0.10935079699971717
0.2,2026,E1_No_Defense,macro_recall,0.09567052953758115
0.2,2026,E2_Integrity_Only,macro_recall,0.10942108828415165
0.2,2026,E3_Anomaly_Only,macro_recall,0.10888305714685809
0.2,2026,E4_PoisonShield,macro_recall,0.11664090824790019
0.01,42,E1_No_Defense,macro_f1,0.12996250156369948
0.01,42,E2_Integrity_Only,macro_f1,0.12580973712651322
0.01,42,E3_Anomaly_Only,macro_f1,0.14224053013207616
0.01,42,E4_PoisonShield,macro_f1,0.13107447598348798
0.01,123,E1_No_Defense,macro_f1,0.1320458913921012
0.01,123,E2_Integrity_Only,macro_f1,0.12207217138787807
0.01,123,E3_Anomaly_Only,macro_f1,0.14460166202430857
0.01,123,E4_PoisonShield,macro_f1,0.13549269991484836
0.01,2026,E1_No_Defense,macro_f1,0.12501660114918833
0.01,2026,E2_Integrity_Only,macro_f1,0.12002293985148793
0.01,2026,E3_Anomaly_Only,macro_f1,0.13836744787634936
0.01,2026,E4_PoisonShield,macro_f1,0.1336827173094739
0.05,42,E1_No_Defense,macro_f1,0.12868646503949088
0.05,42,E2_Integrity_Only,macro_f1,0.12369934526399462
0.05,42,E3_Anomaly_Only,macro_f1,0.1408657019641043
0.05,42,E4_PoisonShield,macro_f1,0.12750878685502132
0.05,123,E1_No_Defense,macro_f1,0.11635945315096163
0.05,123,E2_Integrity_Only,macro_f1,0.12143096076616433
0.05,123,E3_Anomaly_Only,macro_f1,0.1344577992819278
0.05,123,E4_PoisonShield,macro_f1,0.12942624084108378
0.05,2026,E1_No_Defense,macro_f1,0.11864261445226576
0.05,2026,E2_Integrity_Only,macro_f1,0.11844085629760737
0.05,2026,E3_Anomaly_Only,macro_f1,0.13202635118231165
0.05,2026,E4_PoisonShield,macro_f1,0.12987190464114895
0.1,42,E1_No_Defense,macro_f1,0.1179411428360031
0.1,42,E2_Integrity_Only,macro_f1,0.1090698630151975
0.1,42,E3_Anomaly_Only,macro_f1,0.14876465122001736
0.1,42,E4_PoisonShield,macro_f1,0.1195234877992224
0.1,123,E1_No_Defense,macro_f1,0.11104402505224731
0.1,123,E2_Integrity_Only,macro_f1,0.1109195310909864
0.1,123,E3_Anomaly_Only,macro_f1,0.12794715265566747
0.1,123,E4_PoisonShield,macro_f1,0.11809932510539123
0.1,2026,E1_No_Defense,macro_f1,0.11311903071508744
0.1,2026,E2_Integrity_Only,macro_f1,0.11851037168355127
0.1,2026,E3_Anomaly_Only,macro_f1,0.1379307280732791
0.1,2026,E4_PoisonShield,macro_f1,0.12569308134399815
0.2,42,E1_No_Defense,macro_f1,0.09975468396645926
0.2,42,E2_Integrity_Only,macro_f1,0.10578133805206547
0.2,42,E3_Anomaly_Only,macro_f1,0.12181994763000015
0.2,42,E4_PoisonShield,macro_f1,0.11235119607394084
0.2,123,E1_No_Defense,macro_f1,0.10121365802400817
0.2,123,E2_Integrity_Only,macro_f1,0.10305535560129397
0.2,123,E3_Anomaly_Only,macro_f1,0.10624783965515305
0.2,123,E4_PoisonShield,macro_f1,0.10950301910735427
0.2,2026,E1_No_Defense,macro_f1,0.09733239103631985
0.2,2026,E2_Integrity_Only,macro_f1,0.11101512475592668
0.2,2026,E3_Anomaly_Only,macro_f1,0.10812295728595467
0.2,2026,E4_PoisonShield,macro_f1,0.11982391897111322
0.01,42,E1_No_Defense,balanced_accuracy,0.128351365422252
0.01,42,E2_Integrity_Only,balanced_accuracy,0.12339083887676194
0.01,42,E3_Anomaly_Only,balanced_accuracy,0.13980716305817853
0.01,42,E4_PoisonShield,balanced_accuracy,0.1332715494831579
0.01,123,E1_No_Defense,balanced_accuracy,0.13312155771441836
0.01,123,E2_Integrity_Only,balanced_accuracy,0.11994489011581422
0.01,123,E3_Anomaly_Only,balanced_accuracy,0.1432878945754874
0.01,123,E4_PoisonShield,balanced_accuracy,0.13562968227498862
0.01,2026,E1_No_Defense,balanced_accuracy,0.12371372568773797
0.01,2026,E2_Integrity_Only,balanced_accuracy,0.12078439129785268
0.01,2026,E3_Anomaly_Only,balanced_accuracy,0.1367121617356578
0.01,2026,E4_PoisonShield,balanced_accuracy,0.1334868977312853
0.05,42,E1_No_Defense,balanced_accuracy,0.1250872931417344
0.05,42,E2_Integrity_Only,balanced_accuracy,0.12146781295118192
0.05,42,E3_Anomaly_Only,balanced_accuracy,0.1390592589299655
0.05,42,E4_PoisonShield,balanced_accuracy,0.12983051378721266
0.05,123,E1_No_Defense,balanced_accuracy,0.1174127598705228
0.05,123,E2_Integrity_Only,balanced_accuracy,0.11985741271851458
0.05,123,E3_Anomaly_Only,balanced_accuracy,0.13312723679385174
0.05,123,E4_PoisonShield,balanced_accuracy,0.13084418394958142
0.05,2026,E1_No_Defense,balanced_accuracy,0.11701555772970262
0.05,2026,E2_Integrity_Only,balanced_accuracy,0.11778674192963579
0.05,2026,E3_Anomaly_Only,balanced_accuracy,0.12843950909663915
0.05,2026,E4_PoisonShield,balanced_accuracy,0.12727637795431634
0.1,42,E1_No_Defense,balanced_accuracy,0.1161902744674913
0.1,42,E2_Integrity_Only,balanced_accuracy,0.10793684299442197
0.1,42,E3_Anomaly_Only,balanced_accuracy,0.14735456639790556
0.1,42,E4_PoisonShield,balanced_accuracy,0.11929334186115914
0.1,123,E1_No_Defense,balanced_accuracy,0.11037988500583762
0.1,123,E2_Integrity_Only,balanced_accuracy,0.11070850563524104
0.1,123,E3_Anomaly_Only,balanced_accuracy,0.12661091880349606
0.1,123,E4_PoisonShield,balanced_accuracy,0.11685714331206842
0.1,2026,E1_No_Defense,balanced_accuracy,0.1130628039720607
0.1,2026,E2_Integrity_Only,balanced_accuracy,0.116043294847603
0.1,2026,E3_Anomaly_Only,balanced_accuracy,0.1338546412810896
0.1,2026,E4_PoisonShield,balanced_accuracy,0.12663585976702307
0.2,42,E1_No_Defense,balanced_accuracy,0.09642007542148312
0.2,42,E2_Integrity_Only,balanced_accuracy,0.10396317465508587
0.2,42,E3_Anomaly_Only,balanced_accuracy,0.12128837109290125
0.2,42,E4_PoisonShield,balanced_accuracy,0.11083209017814966
0.2,123,E1_No_Defense,balanced_accuracy,0.09999643161966298
0.2,123,E2_Integrity_Only,balanced_accuracy,0.10107475157415846
0.2,123,E3_Anomaly_Only,balanced_accuracy,0.10461788359737689
0.2,123,E4_PoisonShield,balanced_accuracy,0.10935079699971717
0.2,2026,E1_No_Defense,balanced_accuracy,0.09567052953758115
0.2,2026,E2_Integrity_Only,balanced_accuracy,0.10942108828415165
0.2,2026,E3_Anomaly_Only,balanced_accuracy,0.10888305714685809
0.2,2026,E4_PoisonShield,balanced_accuracy,0.11664090824790019
0.01,42,E1_No_Defense,retention,0.0
0.01,42,E2_Integrity_Only,retention,-0.0007485826107357374
0.01,42,E3_Anomaly_Only,retention,-0.0016041919572131746
0.01,42,E4_PoisonShield,retention,0.005353351918633065
0.01,123,E1_No_Defense,retention,0.0
0.01,123,E2_Integrity_Only,retention,-0.0003464243614645923
0.01,123,E3_Anomaly_Only,retention,-0.0011048191126483697
0.01,123,E4_PoisonShield,retention,0.005822536542782641
0.01,2026,E1_No_Defense,retention,0.0
0.01,2026,E2_Integrity_Only,retention,-0.0005843416405632018
0.01,2026,E3_Anomaly_Only,retention,-0.001235546895381523
0.01,2026,E4_PoisonShield,retention,0.005450566513927169
0.05,42,E1_No_Defense,retention,0.0
0.05,42,E2_Integrity_Only,retention,-0.000335829847428748
0.05,42,E3_Anomaly_Only,retention,-0.00016164880236879675
0.05,42,E4_PoisonShield,retention,0.0053584187153030705
0.05,123,E1_No_Defense,retention,0.0
0.05,123,E2_Integrity_Only,retention,-0.0022108988604051527
0.05,123,E3_Anomaly_Only,retention,-0.00031607515052112234
0.05,123,E4_PoisonShield,retention,0.0035476666562753723
0.05,2026,E1_No_Defense,retention,0.0
0.05,2026,E2_Integrity_Only,retention,0.0010664110660103532
0.05,2026,E3_Anomaly_Only,retention,0.0016491032566587904
0.05,2026,E4_PoisonShield,retention,0.006824976582690989
0.1,42,E1_No_Defense,retention,0.0
0.1,42,E2_Integrity_Only,retention,4.009247887459821e-06
0.1,42,E3_Anomaly_Only,retention,0.0031780974967235975
0.1,42,E4_PoisonShield,retention,0.0055489591899617885
0.1,123,E1_No_Defense,retention,0.0
0.1,123,E2_Integrity_Only,retention,-0.0037951309938807354
0.1,123,E3_Anomaly_Only,retention,0.0019046040966660405
0.1,123,E4_PoisonShield,retention,0.0016919346312498362
0.1,2026,E1_No_Defense,retention,0.0
0.1,2026,E2_Integrity_Only,retention,0.0003421886667387408
0.1,2026,E3_Anomaly_Only,retention,0.0041987136706024275
0.1,2026,E4_PoisonShield,retention,0.005676922085794511
0.2,42,E1_No_Defense,retention,0.0
0.2,42,E2_Integrity_Only,retention,0.002489935954885003
0.2,42,E3_Anomaly_Only,retention,0.009795515713350023
0.2,42,E4_PoisonShield,retention,0.007550808506860074
0.2,123,E1_No_Defense,retention,0.0
0.2,123,E2_Integrity_Only,retention,-0.002593680544985877
0.2,123,E3_Anomaly_Only,retention,0.006068853552083975
0.2,123,E4_PoisonShield,retention,0.0021746736615457785
0.2,2026,E1_No_Defense,retention,0.0
0.2,2026,E2_Integrity_Only,retention,-0.0004674959276743662
0.2,2026,E3_Anomaly_Only,retention,0.008742036695532751
0.2,2026,E4_PoisonShield,retention,0.004192533521233832
0.01,42,E1_No_Defense,poison_removal_rate,0.0
0.01,42,E2_Integrity_Only,poison_removal_rate,0.040502575308256406
0.01,42,E3_Anomaly_Only,poison_removal_rate,-0.040736694240674304
0.01,42,E4_PoisonShield,poison_removal_rate,0.040502575308256406
0.01,123,E1_No_Defense,poison_removal_rate,0.0
0.01,123,E2_Integrity_Only,poison_removal_rate,0.020368347120337194
0.01,123,E3_Anomaly_Only,poison_removal_rate,-0.0908381457780553
0.01,123,E4_PoisonShield,poison_removal_rate,0.017012642422350566
0.01,2026,E1_No_Defense,poison_removal_rate,0.0
0.01,2026,E2_Integrity_Only,poison_removal_rate,0.02060246605275473
0.01,2026,E3_Anomaly_Only,poison_removal_rate,-0.0776494459185266
0.01,2026,E4_PoisonShield,poison_removal_rate,0.02060246605275473
0.05,42,E1_No_Defense,poison_removal_rate,0.0
0.05,42,E2_Integrity_Only,poison_removal_rate,0.003143979992854651
0.05,42,E3_Anomaly_Only,poison_removal_rate,-0.0353554841014649
0.05,42,E4_PoisonShield,poison_removal_rate,0.003143979992854651
0.05,123,E1_No_Defense,poison_removal_rate,0.0
0.05,123,E2_Integrity_Only,poison_removal_rate,0.02349410503751337
0.05,123,E3_Anomaly_Only,poison_removal_rate,-0.0322543765630583
0.05,123,E4_PoisonShield,poison_removal_rate,0.022851018220793162
0.05,2026,E1_No_Defense,poison_removal_rate,0.0
0.05,2026,E2_Integrity_Only,poison_removal_rate,-0.01088960342979628
0.05,2026,E3_Anomaly_Only,poison_removal_rate,-0.071611289746338
0.05,2026,E4_PoisonShield,poison_removal_rate,-0.01281886387995701
0.1,42,E1_No_Defense,poison_removal_rate,0.0
0.1,42,E2_Integrity_Only,poison_removal_rate,-0.0005146482724716073
0.1,42,E3_Anomaly_Only,poison_removal_rate,-0.0500642670230798
0.1,42,E4_PoisonShield,poison_removal_rate,-0.0014287250549216424
0.1,123,E1_No_Defense,poison_removal_rate,0.0
0.1,123,E2_Integrity_Only,poison_removal_rate,0.01906631025353478
0.1,123,E3_Anomaly_Only,poison_removal_rate,-0.0373312030479468
0.1,123,E4_PoisonShield,poison_removal_rate,0.017542848949451795
0.1,2026,E1_No_Defense,poison_removal_rate,0.0
0.1,2026,E2_Integrity_Only,poison_removal_rate,-0.0032568786198208244
0.1,2026,E3_Anomaly_Only,poison_removal_rate,-0.0602637764429355
0.1,2026,E4_PoisonShield,poison_removal_rate,-0.0041709554022706374
0.2,42,E1_No_Defense,poison_removal_rate,0.0
0.2,42,E2_Integrity_Only,poison_removal_rate,-0.0056599953176116324
0.2,42,E3_Anomaly_Only,poison_removal_rate,-0.0571061573409096
0.2,42,E4_PoisonShield,poison_removal_rate,-0.006878681844355028
0.2,123,E1_No_Defense,poison_removal_rate,0.0
0.2,123,E2_Integrity_Only,poison_removal_rate,0.00638070349723785
0.2,123,E3_Anomaly_Only,poison_removal_rate,-0.038470251013990306
0.2,123,E4_PoisonShield,poison_removal_rate,0.0048911977423294895
0.2,2026,E1_No_Defense,poison_removal_rate,0.0
0.2,2026,E2_Integrity_Only,poison_removal_rate,-0.0002701864729591774
0.2,2026,E3_Anomaly_Only,poison_removal_rate,-0.051838470251014
0.2,2026,E4_PoisonShield,poison_removal_rate,-0.0004188839463675764
