dataset,poisoning_rate,metric,comparison,n_pairs,mean_difference,median_difference,rank_biserial_effect,wilcoxon_statistic,p_value,holm_p_value,holm_reject,effect_direction,friedman_statistic,friedman_p_value,friedman_significant_05
MalMem,0.01,accuracy,E4_PoisonShield_vs_E1_No_Defense,3,-0.003422313483915,-0.00300110567051,-1.0,0.0,0.25,0.75,False,PoisonShield_lower,8.200000000000003,0.0420541828949661,True
MalMem,0.01,accuracy,E4_PoisonShield_vs_E2_Integrity_Only,3,-0.004527983994103,-0.0056863054809668,-1.0,0.0,0.25,0.75,False,PoisonShield_lower,8.200000000000003,0.0420541828949661,True
MalMem,0.01,accuracy,E4_PoisonShield_vs_E3_Anomaly_Only,3,0.0048965408308325,0.0052124466908861,1.0,0.0,0.25,0.75,False,PoisonShield_higher,8.200000000000003,0.0420541828949661,True
MalMem,0.01,macro_precision,E4_PoisonShield_vs_E1_No_Defense,3,-0.007119660184297,-0.0058273989830267,-1.0,0.0,0.25,0.75,False,PoisonShield_lower,8.200000000000003,0.0420541828949661,True
MalMem,0.01,macro_precision,E4_PoisonShield_vs_E2_Integrity_Only,3,-0.0095062174607875,-0.0118859763449968,-1.0,0.0,0.25,0.75,False,PoisonShield_lower,8.200000000000003,0.0420541828949661,True
MalMem,0.01,macro_precision,E4_PoisonShield_vs_E3_Anomaly_Only,3,0.0115747099605749,0.0128738822532527,1.0,0.0,0.25,0.75,False,PoisonShield_higher,8.200000000000003,0.0420541828949661,True
MalMem,0.01,macro_recall,E4_PoisonShield_vs_E1_No_Defense,3,-0.008123907538239,-0.0071823667069395,-1.0,0.0,0.25,0.75,False,PoisonShield_lower,8.200000000000003,0.0420541828949661,True
MalMem,0.01,macro_recall,E4_PoisonShield_vs_E2_Integrity_Only,3,-0.0108498927226788,-0.0136023062839788,-1.0,0.0,0.25,0.75,False,PoisonShield_lower,8.200000000000003,0.0420541828949661,True
MalMem,0.01,macro_recall,E4_PoisonShield_vs_E3_Anomaly_Only,3,0.0081463343303997,0.0088180484690612,1.0,0.0,0.25,0.75,False,PoisonShield_higher,8.200000000000003,0.0420541828949661,True
MalMem,0.01,macro_f1,E4_PoisonShield_vs_E1_No_Defense,3,-0.0076729136681662,-0.0065517760145411,-1.0,0.0,0.25,0.75,False,PoisonShield_lower,8.200000000000003,0.0420541828949661,True
MalMem,0.01,macro_f1,E4_PoisonShield_vs_E2_Integrity_Only,3,-0.0102181187926339,-0.0128139382134835,-1.0,0.0,0.25,0.75,False,PoisonShield_lower,8.200000000000003,0.0420541828949661,True
MalMem,0.01,macro_f1,E4_PoisonShield_vs_E3_Anomaly_Only,3,0.0098176584455351,0.0107732643396147,1.0,0.0,0.25,0.75,False,PoisonShield_higher,8.200000000000003,0.0420541828949661,True
MalMem,0.01,balanced_accuracy,E4_PoisonShield_vs_E1_No_Defense,3,-0.008123907538239,-0.0071823667069395,-1.0,0.0,0.25,0.75,False,PoisonShield_lower,8.200000000000003,0.0420541828949661,True
MalMem,0.01,balanced_accuracy,E4_PoisonShield_vs_E2_Integrity_Only,3,-0.0108498927226788,-0.0136023062839788,-1.0,0.0,0.25,0.75,False,PoisonShield_lower,8.200000000000003,0.0420541828949661,True
MalMem,0.01,balanced_accuracy,E4_PoisonShield_vs_E3_Anomaly_Only,3,0.0081463343303997,0.0088180484690612,1.0,0.0,0.25,0.75,False,PoisonShield_higher,8.200000000000003,0.0420541828949661,True
MalMem,0.01,retention,E4_PoisonShield_vs_E1_No_Defense,3,-0.0235039154573992,-0.0233922048326016,-1.0,0.0,0.25,0.75,False,PoisonShield_lower,9.0,0.0292908865348882,True
MalMem,0.01,retention,E4_PoisonShield_vs_E2_Integrity_Only,3,-0.013271222225946,-0.013271222225946,-1.0,0.0,0.25,0.75,False,PoisonShield_lower,9.0,0.0292908865348882,True
MalMem,0.01,retention,E4_PoisonShield_vs_E3_Anomaly_Only,3,0.02436408726834,0.0242635477060223,1.0,0.0,0.25,0.75,False,PoisonShield_higher,9.0,0.0292908865348882,True
MalMem,0.01,poison_removal_rate,E4_PoisonShield_vs_E1_No_Defense,3,0.9429530201342282,0.9362416107382552,1.0,0.0,0.25,0.75,False,PoisonShield_higher,8.785714285714288,0.0322798659193957,True
MalMem,0.01,poison_removal_rate,E4_PoisonShield_vs_E2_Integrity_Only,3,0.0011185682326622,0.0,1.0,0.0,1.0,1.0,False,PoisonShield_higher,8.785714285714288,0.0322798659193957,True
MalMem,0.01,poison_removal_rate,E4_PoisonShield_vs_E3_Anomaly_Only,3,0.8344519015659957,0.8456375838926175,1.0,0.0,0.25,0.75,False,PoisonShield_higher,8.785714285714288,0.0322798659193957,True
MalMem,0.05,accuracy,E4_PoisonShield_vs_E1_No_Defense,3,-0.0036855683672932,-0.0041067761806982,-1.0,0.0,0.25,0.75,False,PoisonShield_lower,8.200000000000003,0.0420541828949661,True
MalMem,0.05,accuracy,E4_PoisonShield_vs_E2_Integrity_Only,3,-0.0038435212973201,-0.0036329173906176,-1.0,0.0,0.25,0.75,False,PoisonShield_lower,8.200000000000003,0.0420541828949661,True
MalMem,0.05,accuracy,E4_PoisonShield_vs_E3_Anomaly_Only,3,0.0041594271573737,0.0048965408308323,1.0,0.0,0.25,0.75,False,PoisonShield_higher,8.200000000000003,0.0420541828949661,True
MalMem,0.05,macro_precision,E4_PoisonShield_vs_E1_No_Defense,3,-0.0086005405671209,-0.0099885387061886,-1.0,0.0,0.25,0.75,False,PoisonShield_lower,8.200000000000003,0.0420541828949661,True
MalMem,0.05,macro_precision,E4_PoisonShield_vs_E2_Integrity_Only,3,-0.0076381635113938,-0.0077420992193031,-1.0,0.0,0.25,0.75,False,PoisonShield_lower,8.200000000000003,0.0420541828949661,True
MalMem,0.05,macro_precision,E4_PoisonShield_vs_E3_Anomaly_Only,3,0.0092326557564884,0.0105432441650283,1.0,0.0,0.25,0.75,False,PoisonShield_higher,8.200000000000003,0.0420541828949661,True
MalMem,0.05,macro_recall,E4_PoisonShield_vs_E1_No_Defense,3,-0.0086947184631053,-0.0097749548228636,-1.0,0.0,0.25,0.75,False,PoisonShield_lower,8.200000000000003,0.0420541828949661,True
MalMem,0.05,macro_recall,E4_PoisonShield_vs_E2_Integrity_Only,3,-0.0091228532654191,-0.0086809551897634,-1.0,0.0,0.25,0.75,False,PoisonShield_lower,8.200000000000003,0.0420541828949661,True
MalMem,0.05,macro_recall,E4_PoisonShield_vs_E3_Anomaly_Only,3,0.00663362436944,0.0084853549747375,1.0,0.0,0.25,0.75,False,PoisonShield_higher,8.200000000000003,0.0420541828949661,True
MalMem,0.05,macro_f1,E4_PoisonShield_vs_E1_No_Defense,3,-0.0087137240018478,-0.0100120951380533,-1.0,0.0,0.25,0.75,False,PoisonShield_lower,8.200000000000003,0.0420541828949661,True
MalMem,0.05,macro_f1,E4_PoisonShield_vs_E2_Integrity_Only,3,-0.0084391510440551,-0.0082782925975039,-1.0,0.0,0.25,0.75,False,PoisonShield_lower,8.200000000000003,0.0420541828949661,True
MalMem,0.05,macro_f1,E4_PoisonShield_vs_E3_Anomaly_Only,3,0.0078200026957031,0.0094051206586209,1.0,0.0,0.25,0.75,False,PoisonShield_higher,8.200000000000003,0.0420541828949661,True
MalMem,0.05,balanced_accuracy,E4_PoisonShield_vs_E1_No_Defense,3,-0.0086947184631053,-0.0097749548228636,-1.0,0.0,0.25,0.75,False,PoisonShield_lower,8.200000000000003,0.0420541828949661,True
MalMem,0.05,balanced_accuracy,E4_PoisonShield_vs_E2_Integrity_Only,3,-0.0091228532654191,-0.0086809551897634,-1.0,0.0,0.25,0.75,False,PoisonShield_lower,8.200000000000003,0.0420541828949661,True
MalMem,0.05,balanced_accuracy,E4_PoisonShield_vs_E3_Anomaly_Only,3,0.00663362436944,0.0084853549747375,1.0,0.0,0.25,0.75,False,PoisonShield_higher,8.200000000000003,0.0420541828949661,True
MalMem,0.05,retention,E4_PoisonShield_vs_E1_No_Defense,3,-0.0651637938427236,-0.0650565989194752,-1.0,0.0,0.25,0.75,False,PoisonShield_lower,9.0,0.0292908865348882,True
MalMem,0.05,retention,E4_PoisonShield_vs_E2_Integrity_Only,3,-0.0126168424663408,-0.0126382814509904,-1.0,0.0,0.25,0.75,False,PoisonShield_lower,9.0,0.0292908865348882,True
MalMem,0.05,retention,E4_PoisonShield_vs_E3_Anomaly_Only,3,-0.0158755681330932,-0.0159506045793672,-1.0,0.0,0.25,0.75,False,PoisonShield_lower,9.0,0.0292908865348882,True
MalMem,0.05,poison_removal_rate,E4_PoisonShield_vs_E1_No_Defense,3,0.9541264737406218,0.952411575562701,1.0,0.0,0.25,0.75,False,PoisonShield_higher,8.793103448275861,0.0321719987149924,True
MalMem,0.05,poison_removal_rate,E4_PoisonShield_vs_E2_Integrity_Only,3,0.0008574490889603,0.0006430868167202,1.0,0.0,0.5,0.75,False,PoisonShield_higher,8.793103448275861,0.0321719987149924,True
MalMem,0.05,poison_removal_rate,E4_PoisonShield_vs_E3_Anomaly_Only,3,0.8662379421221865,0.8681672025723473,1.0,0.0,0.25,0.75,False,PoisonShield_higher,8.793103448275861,0.0321719987149924,True
MalMem,0.1,accuracy,E4_PoisonShield_vs_E1_No_Defense,3,-0.0028958037171588,-0.0026851998104563,-1.0,0.0,0.25,0.75,False,PoisonShield_lower,8.200000000000003,0.0420541828949661,True
MalMem,0.1,accuracy,E4_PoisonShield_vs_E2_Integrity_Only,3,-0.0030537566471857,-0.0028431527404831,-1.0,0.0,0.25,0.75,False,PoisonShield_lower,8.200000000000003,0.0420541828949661,True
MalMem,0.1,accuracy,E4_PoisonShield_vs_E3_Anomaly_Only,3,0.0075290896646133,0.005370399620913,1.0,0.0,0.25,0.75,False,PoisonShield_higher,8.200000000000003,0.0420541828949661,True
MalMem,0.1,macro_precision,E4_PoisonShield_vs_E1_No_Defense,3,-0.0093771622036656,-0.0104748355214284,-1.0,0.0,0.25,0.75,False,PoisonShield_lower,8.200000000000003,0.0420541828949661,True
MalMem,0.1,macro_precision,E4_PoisonShield_vs_E2_Integrity_Only,3,-0.0061414718309991,-0.0059847988325869,-1.0,0.0,0.25,0.75,False,PoisonShield_lower,8.200000000000003,0.0420541828949661,True
MalMem,0.1,macro_precision,E4_PoisonShield_vs_E3_Anomaly_Only,3,0.0145865684394612,0.0089497442519979,1.0,0.0,0.25,0.75,False,PoisonShield_higher,8.200000000000003,0.0420541828949661,True
MalMem,0.1,macro_recall,E4_PoisonShield_vs_E1_No_Defense,3,-0.0067451008661318,-0.0061796377397228,-1.0,0.0,0.25,0.75,False,PoisonShield_lower,8.200000000000003,0.0420541828949661,True
MalMem,0.1,macro_recall,E4_PoisonShield_vs_E2_Integrity_Only,3,-0.0072264188631534,-0.0067645169678651,-1.0,0.0,0.25,0.75,False,PoisonShield_lower,8.200000000000003,0.0420541828949661,True
MalMem,0.1,macro_recall,E4_PoisonShield_vs_E3_Anomaly_Only,3,0.0147574671102509,0.009299479727452,1.0,0.0,0.25,0.75,False,PoisonShield_higher,8.200000000000003,0.0420541828949661,True
MalMem,0.1,macro_f1,E4_PoisonShield_vs_E1_No_Defense,3,-0.0080542230113881,-0.0083514010634748,-1.0,0.0,0.25,0.75,False,PoisonShield_lower,8.200000000000003,0.0420541828949661,True
MalMem,0.1,macro_f1,E4_PoisonShield_vs_E2_Integrity_Only,3,-0.0067239372692697,-0.0063693277715046,-1.0,0.0,0.25,0.75,False,PoisonShield_lower,8.200000000000003,0.0420541828949661,True
MalMem,0.1,macro_f1,E4_PoisonShield_vs_E3_Anomaly_Only,3,0.014583522245142,0.0090004764962539,1.0,0.0,0.25,0.75,False,PoisonShield_higher,8.200000000000003,0.0420541828949661,True
MalMem,0.1,balanced_accuracy,E4_PoisonShield_vs_E1_No_Defense,3,-0.0067451008661318,-0.0061796377397228,-1.0,0.0,0.25,0.75,False,PoisonShield_lower,8.200000000000003,0.0420541828949661,True
MalMem,0.1,balanced_accuracy,E4_PoisonShield_vs_E2_Integrity_Only,3,-0.0072264188631534,-0.0067645169678651,-1.0,0.0,0.25,0.75,False,PoisonShield_lower,8.200000000000003,0.0420541828949661,True
MalMem,0.1,balanced_accuracy,E4_PoisonShield_vs_E3_Anomaly_Only,3,0.0147574671102509,0.009299479727452,1.0,0.0,0.25,0.75,False,PoisonShield_higher,8.200000000000003,0.0420541828949661,True
MalMem,0.1,retention,E4_PoisonShield_vs_E1_No_Defense,3,-0.1170520671480364,-0.1171739329128964,-1.0,0.0,0.25,0.75,False,PoisonShield_lower,9.0,0.0292908865348882,True
MalMem,0.1,retention,E4_PoisonShield_vs_E2_Integrity_Only,3,-0.0119022230346606,-0.0118514456326357,-1.0,0.0,0.25,0.75,False,PoisonShield_lower,9.0,0.0292908865348882,True
MalMem,0.1,retention,E4_PoisonShield_vs_E3_Anomaly_Only,3,-0.0651880287196985,-0.0650153855528136,-1.0,0.0,0.25,0.75,False,PoisonShield_lower,9.0,0.0292908865348882,True
MalMem,0.1,poison_removal_rate,E4_PoisonShield_vs_E1_No_Defense,3,0.9547024172252692,0.9552102376599636,1.0,0.0,0.25,0.75,False,PoisonShield_higher,9.0,0.0292908865348882,True
MalMem,0.1,poison_removal_rate,E4_PoisonShield_vs_E2_Integrity_Only,3,0.0011172049563276,0.00091407678245,1.0,0.0,0.25,0.75,False,PoisonShield_higher,9.0,0.0292908865348882,True
MalMem,0.1,poison_removal_rate,E4_PoisonShield_vs_E3_Anomaly_Only,3,0.8613650213284584,0.8619744058500914,1.0,0.0,0.25,0.75,False,PoisonShield_higher,9.0,0.0292908865348882,True
MalMem,0.2,accuracy,E4_PoisonShield_vs_E1_No_Defense,3,-0.0042120781340493,-0.0052124466908859,-1.0,0.0,0.25,0.75,False,PoisonShield_lower,8.200000000000003,0.0420541828949661,True
MalMem,0.2,accuracy,E4_PoisonShield_vs_E2_Integrity_Only,3,-0.0032643605538882,-0.0028431527404831,-1.0,0.0,0.25,0.75,False,PoisonShield_lower,8.200000000000003,0.0420541828949661,True
MalMem,0.2,accuracy,E4_PoisonShield_vs_E3_Anomaly_Only,3,0.0031064076238615,0.0030011056705101,1.0,0.0,0.25,0.75,False,PoisonShield_higher,8.200000000000003,0.0420541828949661,True
MalMem,0.2,macro_precision,E4_PoisonShield_vs_E1_No_Defense,3,-0.0175421177256731,-0.0185927482077103,-1.0,0.0,0.25,0.75,False,PoisonShield_lower,8.200000000000003,0.0420541828949661,True
MalMem,0.2,macro_precision,E4_PoisonShield_vs_E2_Integrity_Only,3,-0.0063625887839167,-0.0051719686407547,-1.0,0.0,0.25,0.75,False,PoisonShield_lower,8.200000000000003,0.0420541828949661,True
MalMem,0.2,macro_precision,E4_PoisonShield_vs_E3_Anomaly_Only,3,0.0006658073513186,0.0018602219724291,0.3333333333333333,2.0,0.75,0.75,False,PoisonShield_higher,8.200000000000003,0.0420541828949661,True
MalMem,0.2,macro_recall,E4_PoisonShield_vs_E1_No_Defense,3,-0.0099481184235655,-0.0124216896308964,-1.0,0.0,0.25,0.75,False,PoisonShield_lower,8.200000000000003,0.0420541828949661,True
MalMem,0.2,macro_recall,E4_PoisonShield_vs_E2_Integrity_Only,3,-0.0078112341684407,-0.0067573768470282,-1.0,0.0,0.25,0.75,False,PoisonShield_lower,8.200000000000003,0.0420541828949661,True
MalMem,0.2,macro_recall,E4_PoisonShield_vs_E3_Anomaly_Only,3,0.0074575587441478,0.007203740692708,1.0,0.0,0.25,0.75,False,PoisonShield_higher,8.200000000000003,0.0420541828949661,True
MalMem,0.2,macro_f1,E4_PoisonShield_vs_E1_No_Defense,3,-0.0136153309111974,-0.0152403556781439,-1.0,0.0,0.25,0.75,False,PoisonShield_lower,9.0,0.0292908865348882,True
MalMem,0.2,macro_f1,E4_PoisonShield_vs_E2_Integrity_Only,3,-0.0070840412624985,-0.0058695771648791,-1.0,0.0,0.25,0.75,False,PoisonShield_lower,9.0,0.0292908865348882,True
MalMem,0.2,macro_f1,E4_PoisonShield_vs_E3_Anomaly_Only,3,0.0041389211481871,0.0045336541875974,1.0,0.0,0.25,0.75,False,PoisonShield_higher,9.0,0.0292908865348882,True
MalMem,0.2,balanced_accuracy,E4_PoisonShield_vs_E1_No_Defense,3,-0.0099481184235655,-0.0124216896308964,-1.0,0.0,0.25,0.75,False,PoisonShield_lower,8.200000000000003,0.0420541828949661,True
MalMem,0.2,balanced_accuracy,E4_PoisonShield_vs_E2_Integrity_Only,3,-0.0078112341684407,-0.0067573768470282,-1.0,0.0,0.25,0.75,False,PoisonShield_lower,8.200000000000003,0.0420541828949661,True
MalMem,0.2,balanced_accuracy,E4_PoisonShield_vs_E3_Anomaly_Only,3,0.0074575587441478,0.007203740692708,1.0,0.0,0.25,0.75,False,PoisonShield_higher,8.200000000000003,0.0420541828949661,True
MalMem,0.2,retention,E4_PoisonShield_vs_E1_No_Defense,3,-0.2211720738774847,-0.2211991550668905,-1.0,0.0,0.25,0.75,False,PoisonShield_lower,9.0,0.0292908865348882,True
MalMem,0.2,retention,E4_PoisonShield_vs_E2_Integrity_Only,3,-0.0104984744263301,-0.0104804203000595,-1.0,0.0,0.25,0.75,False,PoisonShield_lower,9.0,0.0292908865348882,True
MalMem,0.2,retention,E4_PoisonShield_vs_E3_Anomaly_Only,3,-0.1655021755222156,-0.1655743920272979,-1.0,0.0,0.25,0.75,False,PoisonShield_lower,9.0,0.0292908865348882,True
MalMem,0.2,poison_removal_rate,E4_PoisonShield_vs_E1_No_Defense,3,0.9556307831189348,0.9558564658090724,1.0,0.0,0.25,0.75,False,PoisonShield_higher,9.0,0.0292908865348882,True
MalMem,0.2,poison_removal_rate,E4_PoisonShield_vs_E2_Integrity_Only,3,0.0012638230647708,0.0012186865267433,1.0,0.0,0.25,0.75,False,PoisonShield_higher,9.0,0.0292908865348882,True
MalMem,0.2,poison_removal_rate,E4_PoisonShield_vs_E3_Anomaly_Only,3,0.8663055743624465,0.8654028436018957,1.0,0.0,0.25,0.75,False,PoisonShield_higher,9.0,0.0292908865348882,True
Android,0.01,accuracy,E4_PoisonShield_vs_E1_No_Defense,3,-0.0025417574437182,-0.0021786492374727,-1.0,0.0,0.25,0.75,False,PoisonShield_lower,8.46428571428572,0.037330335897056,True
Android,0.01,accuracy,E4_PoisonShield_vs_E2_Integrity_Only,3,0.0007262164124908,0.0010893246187363,1.0,0.0,0.5,0.75,False,PoisonShield_higher,8.46428571428572,0.037330335897056,True
Android,0.01,accuracy,E4_PoisonShield_vs_E3_Anomaly_Only,3,0.0018155410312273,0.0021786492374727,1.0,0.0,0.25,0.75,False,PoisonShield_higher,8.46428571428572,0.037330335897056,True
Android,0.01,macro_precision,E4_PoisonShield_vs_E1_No_Defense,3,-0.0046496000659638,-0.0030384294466595,-1.0,0.0,0.25,0.75,False,PoisonShield_lower,5.800000000000004,0.1217566197112534,False
Android,0.01,macro_precision,E4_PoisonShield_vs_E2_Integrity_Only,3,-0.0007752496836448,-0.0014285149367325,-0.6666666666666666,1.0,0.5,1.0,False,PoisonShield_lower,5.800000000000004,0.1217566197112534,False
Android,0.01,macro_precision,E4_PoisonShield_vs_E3_Anomaly_Only,3,8.70765568281584e-05,0.0010784918618874,0.0,3.0,1.0,1.0,False,PoisonShield_higher,5.800000000000004,0.1217566197112534,False
Android,0.01,macro_recall,E4_PoisonShield_vs_E1_No_Defense,3,-0.0023900806498978,-0.0022621826460336,-1.0,0.0,0.25,0.75,False,PoisonShield_lower,4.200000000000003,0.2406618852096149,False
Android,0.01,macro_recall,E4_PoisonShield_vs_E2_Integrity_Only,3,0.0019061103436554,0.0020824858751955,0.6666666666666666,1.0,0.5,0.75,False,PoisonShield_higher,4.200000000000003,0.2406618852096149,False
Android,0.01,macro_recall,E4_PoisonShield_vs_E3_Anomaly_Only,3,0.0023399710371024,0.0025741409468054,1.0,0.0,0.25,0.75,False,PoisonShield_higher,4.200000000000003,0.2406618852096149,False
Android,0.01,macro_f1,E4_PoisonShield_vs_E1_No_Defense,3,-0.0032646139672258,-0.0025793927300036,-1.0,0.0,0.25,0.75,False,PoisonShield_lower,5.800000000000004,0.1217566197112534,False
Android,0.01,macro_f1,E4_PoisonShield_vs_E2_Integrity_Only,3,0.000563562821343,0.0006065903134867,0.6666666666666666,1.0,0.5,1.0,False,PoisonShield_higher,5.800000000000004,0.1217566197112534,False
Android,0.01,macro_f1,E4_PoisonShield_vs_E3_Anomaly_Only,3,0.0014977428372272,0.0016643022301545,0.6666666666666666,1.0,0.5,1.0,False,PoisonShield_higher,5.800000000000004,0.1217566197112534,False
Android,0.01,balanced_accuracy,E4_PoisonShield_vs_E1_No_Defense,3,-0.0023900806498978,-0.0022621826460336,-1.0,0.0,0.25,0.75,False,PoisonShield_lower,4.200000000000003,0.2406618852096149,False
Android,0.01,balanced_accuracy,E4_PoisonShield_vs_E2_Integrity_Only,3,0.0019061103436554,0.0020824858751955,0.6666666666666666,1.0,0.5,0.75,False,PoisonShield_higher,4.200000000000003,0.2406618852096149,False
Android,0.01,balanced_accuracy,E4_PoisonShield_vs_E3_Anomaly_Only,3,0.0023399710371024,0.0025741409468054,1.0,0.0,0.25,0.75,False,PoisonShield_higher,4.200000000000003,0.2406618852096149,False
Android,0.01,retention,E4_PoisonShield_vs_E1_No_Defense,3,-0.0179617637989515,-0.0180388529139685,-1.0,0.0,0.25,0.75,False,PoisonShield_lower,9.0,0.0292908865348882,True
Android,0.01,retention,E4_PoisonShield_vs_E2_Integrity_Only,3,-0.0071692876965772,-0.0071692876965772,-1.0,0.0,0.25,0.75,False,PoisonShield_lower,9.0,0.0292908865348882,True
Android,0.01,retention,E4_PoisonShield_vs_E3_Anomaly_Only,3,0.0312210915818686,0.0312210915818685,1.0,0.0,0.25,0.75,False,PoisonShield_higher,9.0,0.0292908865348882,True
Android,0.01,poison_removal_rate,E4_PoisonShield_vs_E1_No_Defense,3,0.9689922480620154,0.9767441860465116,1.0,0.0,0.25,0.75,False,PoisonShield_higher,9.000000000000002,0.0292908865348881,True
Android,0.01,poison_removal_rate,E4_PoisonShield_vs_E2_Integrity_Only,3,0.0,0.0,0.0,0.0,1.0,1.0,False,No_difference,9.000000000000002,0.0292908865348881,True
Android,0.01,poison_removal_rate,E4_PoisonShield_vs_E3_Anomaly_Only,3,0.9302325581395348,0.9302325581395348,1.0,0.0,0.25,0.75,False,PoisonShield_higher,9.000000000000002,0.0292908865348881,True
Android,0.05,accuracy,E4_PoisonShield_vs_E1_No_Defense,3,0.0,0.0021786492374727,0.0,3.0,1.0,1.0,False,No_difference,0.692307692307694,0.8750117490815184,False
Android,0.05,accuracy,E4_PoisonShield_vs_E2_Integrity_Only,3,0.0003631082062454,0.0,0.3333333333333333,1.0,1.0,1.0,False,PoisonShield_higher,0.692307692307694,0.8750117490815184,False
Android,0.05,accuracy,E4_PoisonShield_vs_E3_Anomaly_Only,3,0.0018155410312273,0.0,0.3333333333333333,1.0,1.0,1.0,False,PoisonShield_higher,0.692307692307694,0.8750117490815184,False
Android,0.05,macro_precision,E4_PoisonShield_vs_E1_No_Defense,3,-0.0021632229626913,0.0010641741565922,0.0,3.0,1.0,1.0,False,PoisonShield_lower,0.2000000000000028,0.9775892977616488,False
Android,0.05,macro_precision,E4_PoisonShield_vs_E2_Integrity_Only,3,-0.0013693573682844,-0.0018472463275064,-0.3333333333333333,2.0,0.75,1.0,False,PoisonShield_lower,0.2000000000000028,0.9775892977616488,False
Android,0.05,macro_precision,E4_PoisonShield_vs_E3_Anomaly_Only,3,-0.0006408651733932,-0.003161107818014,0.0,3.0,1.0,1.0,False,PoisonShield_lower,0.2000000000000028,0.9775892977616488,False
Android,0.05,macro_recall,E4_PoisonShield_vs_E1_No_Defense,3,0.0007837698532782,-0.0005873934370548,0.0,3.0,1.0,1.0,False,PoisonShield_higher,0.2000000000000028,0.9775892977616488,False
Android,0.05,macro_recall,E4_PoisonShield_vs_E2_Integrity_Only,3,0.0004901827651735,0.0008086808349171,0.3333333333333333,2.0,0.75,1.0,False,PoisonShield_higher,0.2000000000000028,0.9775892977616488,False
Android,0.05,macro_recall,E4_PoisonShield_vs_E3_Anomaly_Only,3,0.0024086479929913,-3.7064652486762384e-05,0.0,3.0,1.0,1.0,False,PoisonShield_higher,0.2000000000000028,0.9775892977616488,False
Android,0.05,macro_f1,E4_PoisonShield_vs_E1_No_Defense,3,-0.0010075907703359,0.0002322974681124,0.0,3.0,1.0,1.0,False,PoisonShield_lower,0.2000000000000028,0.9775892977616488,False
Android,0.05,macro_f1,E4_PoisonShield_vs_E2_Integrity_Only,3,-0.0006938943742258,0.0005667397447262,0.0,3.0,1.0,1.0,False,PoisonShield_lower,0.2000000000000028,0.9775892977616488,False
Android,0.05,macro_f1,E4_PoisonShield_vs_E3_Anomaly_Only,3,0.0009723626653398,-0.0014662992501182,0.0,3.0,1.0,1.0,False,PoisonShield_higher,0.2000000000000028,0.9775892977616488,False
Android,0.05,balanced_accuracy,E4_PoisonShield_vs_E1_No_Defense,3,0.0007837698532782,-0.0005873934370548,0.0,3.0,1.0,1.0,False,PoisonShield_higher,0.2000000000000028,0.9775892977616488,False
Android,0.05,balanced_accuracy,E4_PoisonShield_vs_E2_Integrity_Only,3,0.0004901827651735,0.0008086808349171,0.3333333333333333,2.0,0.75,1.0,False,PoisonShield_higher,0.2000000000000028,0.9775892977616488,False
Android,0.05,balanced_accuracy,E4_PoisonShield_vs_E3_Anomaly_Only,3,0.0024086479929913,-3.7064652486762384e-05,0.0,3.0,1.0,1.0,False,PoisonShield_higher,0.2000000000000028,0.9775892977616488,False
Android,0.05,retention,E4_PoisonShield_vs_E1_No_Defense,3,-0.0599201065246338,-0.0596981802041721,-1.0,0.0,0.25,0.75,False,PoisonShield_lower,9.0,0.0292908865348882,True
Android,0.05,retention,E4_PoisonShield_vs_E2_Integrity_Only,3,-0.0068797159343098,-0.0068797159343098,-1.0,0.0,0.25,0.75,False,PoisonShield_lower,9.0,0.0292908865348882,True
Android,0.05,retention,E4_PoisonShield_vs_E3_Anomaly_Only,3,-0.0110223405829264,-0.0110963160230802,-1.0,0.0,0.25,0.75,False,PoisonShield_lower,9.0,0.0292908865348882,True
Android,0.05,poison_removal_rate,E4_PoisonShield_vs_E1_No_Defense,3,0.9585185185185184,0.9555555555555556,1.0,0.0,0.25,0.75,False,PoisonShield_higher,9.000000000000002,0.0292908865348881,True
Android,0.05,poison_removal_rate,E4_PoisonShield_vs_E2_Integrity_Only,3,0.0,0.0,0.0,0.0,1.0,1.0,False,No_difference,9.000000000000002,0.0292908865348881,True
Android,0.05,poison_removal_rate,E4_PoisonShield_vs_E3_Anomaly_Only,3,0.9170370370370372,0.9155555555555556,1.0,0.0,0.25,0.75,False,PoisonShield_higher,9.000000000000002,0.0292908865348881,True
Android,0.1,accuracy,E4_PoisonShield_vs_E1_No_Defense,3,-0.0010893246187363,0.0,-0.3333333333333333,1.0,1.0,1.0,False,PoisonShield_lower,3.2500000000000018,0.3546625597824873,False
Android,0.1,accuracy,E4_PoisonShield_vs_E2_Integrity_Only,3,0.0010893246187363,0.0,1.0,0.0,1.0,1.0,False,PoisonShield_higher,3.2500000000000018,0.3546625597824873,False
Android,0.1,accuracy,E4_PoisonShield_vs_E3_Anomaly_Only,3,-0.0010893246187363,-0.0010893246187363,-1.0,0.0,0.5,1.0,False,PoisonShield_lower,3.2500000000000018,0.3546625597824873,False
Android,0.1,macro_precision,E4_PoisonShield_vs_E1_No_Defense,3,-0.0028082288738085,-0.0025529535934236,-0.6666666666666666,1.0,0.5,1.0,False,PoisonShield_lower,4.200000000000003,0.2406618852096149,False
Android,0.1,macro_precision,E4_PoisonShield_vs_E2_Integrity_Only,3,0.0010584262132146,0.0030235903438288,0.3333333333333333,2.0,0.75,1.0,False,PoisonShield_higher,4.200000000000003,0.2406618852096149,False
Android,0.1,macro_precision,E4_PoisonShield_vs_E3_Anomaly_Only,3,-0.0056589313577226,-0.0040170122975176,-1.0,0.0,0.25,0.75,False,PoisonShield_lower,4.200000000000003,0.2406618852096149,False
Android,0.1,macro_recall,E4_PoisonShield_vs_E1_No_Defense,3,0.0009726929654884,0.0010934035836228,0.3333333333333333,2.0,0.75,1.0,False,PoisonShield_higher,2.6000000000000014,0.4574895468781833,False
Android,0.1,macro_recall,E4_PoisonShield_vs_E2_Integrity_Only,3,0.002139481624508,0.0023297992528387,0.6666666666666666,1.0,0.5,1.0,False,PoisonShield_higher,2.6000000000000014,0.4574895468781833,False
Android,0.1,macro_recall,E4_PoisonShield_vs_E3_Anomaly_Only,3,-0.0002537934038292,-0.0005831755795644,-0.3333333333333333,2.0,0.75,1.0,False,PoisonShield_lower,2.6000000000000014,0.4574895468781833,False
Android,0.1,macro_f1,E4_PoisonShield_vs_E1_No_Defense,3,-0.0009836577962968,-0.0011274956238483,-0.3333333333333333,2.0,0.75,1.0,False,PoisonShield_lower,4.200000000000003,0.2406618852096149,False
Android,0.1,macro_f1,E4_PoisonShield_vs_E2_Integrity_Only,3,0.0015481055503558,0.0013101310975104,0.6666666666666666,1.0,0.5,1.0,False,PoisonShield_higher,4.200000000000003,0.2406618852096149,False
Android,0.1,macro_f1,E4_PoisonShield_vs_E3_Anomaly_Only,3,-0.0025253569883086,-0.0029568251494725,-1.0,0.0,0.25,0.75,False,PoisonShield_lower,4.200000000000003,0.2406618852096149,False
Android,0.1,balanced_accuracy,E4_PoisonShield_vs_E1_No_Defense,3,0.0009726929654884,0.0010934035836228,0.3333333333333333,2.0,0.75,1.0,False,PoisonShield_higher,2.6000000000000014,0.4574895468781833,False
Android,0.1,balanced_accuracy,E4_PoisonShield_vs_E2_Integrity_Only,3,0.002139481624508,0.0023297992528387,0.6666666666666666,1.0,0.5,1.0,False,PoisonShield_higher,2.6000000000000014,0.4574895468781833,False
Android,0.1,balanced_accuracy,E4_PoisonShield_vs_E3_Anomaly_Only,3,-0.0002537934038292,-0.0005831755795644,-0.3333333333333333,2.0,0.75,1.0,False,PoisonShield_lower,2.6000000000000014,0.4574895468781833,False
Android,0.1,retention,E4_PoisonShield_vs_E1_No_Defense,3,-0.1127461285123677,-0.112045406768972,-1.0,0.0,0.25,0.75,False,PoisonShield_lower,9.0,0.0292908865348882,True
Android,0.1,retention,E4_PoisonShield_vs_E2_Integrity_Only,3,-0.0064466400392404,-0.0065167122135799,-1.0,0.0,0.25,0.75,False,PoisonShield_lower,9.0,0.0292908865348882,True
Android,0.1,retention,E4_PoisonShield_vs_E3_Anomaly_Only,3,-0.0639758951720272,-0.0641160395207064,-1.0,0.0,0.25,0.75,False,PoisonShield_lower,9.0,0.0292908865348882,True
Android,0.1,poison_removal_rate,E4_PoisonShield_vs_E1_No_Defense,3,0.9586834733893556,0.953781512605042,1.0,0.0,0.25,0.75,False,PoisonShield_higher,9.000000000000002,0.0292908865348881,True
Android,0.1,poison_removal_rate,E4_PoisonShield_vs_E2_Integrity_Only,3,0.0,0.0,0.0,0.0,1.0,1.0,False,No_difference,9.000000000000002,0.0292908865348881,True
Android,0.1,poison_removal_rate,E4_PoisonShield_vs_E3_Anomaly_Only,3,0.9145658263305322,0.9180672268907564,1.0,0.0,0.25,0.75,False,PoisonShield_higher,9.000000000000002,0.0292908865348881,True
Android,0.2,accuracy,E4_PoisonShield_vs_E1_No_Defense,3,0.0014524328249818,0.0021786492374727,0.5,1.5,0.75,1.0,False,PoisonShield_higher,2.142857142857143,0.5432912450214109,False
Android,0.2,accuracy,E4_PoisonShield_vs_E2_Integrity_Only,3,-0.0007262164124909,-0.0010893246187363,-0.5,1.5,0.75,1.0,False,PoisonShield_lower,2.142857142857143,0.5432912450214109,False
Android,0.2,accuracy,E4_PoisonShield_vs_E3_Anomaly_Only,3,0.004720406681191,0.0043572984749455,1.0,0.0,0.5,1.0,False,PoisonShield_higher,2.142857142857143,0.5432912450214109,False
Android,0.2,macro_precision,E4_PoisonShield_vs_E1_No_Defense,3,-0.0040764502136979,-0.006020113055016,-0.6666666666666666,1.0,0.5,1.0,False,PoisonShield_lower,3.4000000000000057,0.3339652490901599,False
Android,0.2,macro_precision,E4_PoisonShield_vs_E2_Integrity_Only,3,0.0012802445274946,0.0007320758020383,1.0,0.0,0.25,0.75,False,PoisonShield_higher,3.4000000000000057,0.3339652490901599,False
Android,0.2,macro_precision,E4_PoisonShield_vs_E3_Anomaly_Only,3,0.002161450471598,0.0022604073462735,0.3333333333333333,2.0,0.75,1.0,False,PoisonShield_higher,3.4000000000000057,0.3339652490901599,False
Android,0.2,macro_recall,E4_PoisonShield_vs_E1_No_Defense,3,0.0049641345254477,0.0043871350530717,1.0,0.0,0.25,0.75,False,PoisonShield_higher,3.4000000000000057,0.3339652490901599,False
Android,0.2,macro_recall,E4_PoisonShield_vs_E2_Integrity_Only,3,-0.0003563071976503,0.0001115386760355,0.0,3.0,1.0,1.0,False,PoisonShield_lower,3.4000000000000057,0.3339652490901599,False
Android,0.2,macro_recall,E4_PoisonShield_vs_E3_Anomaly_Only,3,0.0081357199403581,0.0119366540950482,0.6666666666666666,1.0,0.5,1.0,False,PoisonShield_higher,3.4000000000000057,0.3339652490901599,False
Android,0.2,macro_f1,E4_PoisonShield_vs_E1_No_Defense,3,0.0008438027973429,-0.0004305266539471,0.0,3.0,1.0,1.0,False,PoisonShield_higher,2.6000000000000014,0.4574895468781833,False
Android,0.2,macro_f1,E4_PoisonShield_vs_E2_Integrity_Only,3,0.0001913973185422,0.0007002808569962,0.0,3.0,1.0,1.0,False,PoisonShield_higher,2.6000000000000014,0.4574895468781833,False
Android,0.2,macro_f1,E4_PoisonShield_vs_E3_Anomaly_Only,3,0.0059680510086206,0.0077888336397986,0.6666666666666666,1.0,0.5,1.0,False,PoisonShield_higher,2.6000000000000014,0.4574895468781833,False
Android,0.2,balanced_accuracy,E4_PoisonShield_vs_E1_No_Defense,3,0.0049641345254477,0.0043871350530717,1.0,0.0,0.25,0.75,False,PoisonShield_higher,3.4000000000000057,0.3339652490901599,False
Android,0.2,balanced_accuracy,E4_PoisonShield_vs_E2_Integrity_Only,3,-0.0003563071976503,0.0001115386760355,0.0,3.0,1.0,1.0,False,PoisonShield_lower,3.4000000000000057,0.3339652490901599,False
Android,0.2,balanced_accuracy,E4_PoisonShield_vs_E3_Anomaly_Only,3,0.0081357199403581,0.0119366540950482,0.6666666666666666,1.0,0.5,1.0,False,PoisonShield_higher,3.4000000000000057,0.3339652490901599,False
Android,0.2,retention,E4_PoisonShield_vs_E1_No_Defense,3,-0.2165327353142715,-0.2162212670528873,-1.0,0.0,0.25,0.75,False,PoisonShield_lower,9.0,0.0292908865348882,True
Android,0.2,retention,E4_PoisonShield_vs_E2_Integrity_Only,3,-0.0056687223571918,-0.0057933096617455,-1.0,0.0,0.25,0.75,False,PoisonShield_lower,9.0,0.0292908865348882,True
Android,0.2,retention,E4_PoisonShield_vs_E3_Anomaly_Only,3,-0.1690649722793246,-0.1695010278452625,-1.0,0.0,0.25,0.75,False,PoisonShield_lower,9.0,0.0292908865348882,True
Android,0.2,poison_removal_rate,E4_PoisonShield_vs_E1_No_Defense,3,0.954828660436137,0.9532710280373832,1.0,0.0,0.25,0.75,False,PoisonShield_higher,8.785714285714288,0.0322798659193957,True
Android,0.2,poison_removal_rate,E4_PoisonShield_vs_E2_Integrity_Only,3,0.0003115264797507,0.0,1.0,0.0,1.0,1.0,False,PoisonShield_higher,8.785714285714288,0.0322798659193957,True
Android,0.2,poison_removal_rate,E4_PoisonShield_vs_E3_Anomaly_Only,3,0.9146417445482866,0.9149532710280374,1.0,0.0,0.25,0.75,False,PoisonShield_higher,8.785714285714288,0.0322798659193957,True
