,count,mean,std,min,25%,50%,75%,max,missing_count,skewness
ACCESS_PERSONAL_INFO___,11598.0,57.74349025694085,445.2804565604672,0.0,0.0,2.0,8.0,7647.0,0,11.13506371625144
ALTER_PHONE_STATE___,11598.0,0.001638213485083635,0.07368687433423413,0.0,0.0,0.0,0.0,5.0,0,58.3487850390503
ANTI_DEBUG_____,11598.0,0.050957061562338334,1.158213128411574,0.0,0.0,0.0,0.0,91.0,0,48.795078159994425
CREATE_FOLDER_____,11598.0,5.777289187790998,10.378446143101925,0.0,2.0,3.0,6.0,700.0,0,32.43579066812484
CREATE_PROCESS`_____,11598.0,0.9876702879806863,4.258375501098276,0.0,0.0,0.0,0.0,140.0,0,13.337649703402096
CREATE_THREAD_____,11598.0,29.660889808587687,31.743403075900847,0.0,10.0,17.0,39.0,1332.0,0,8.224038812887597
DEVICE_ACCESS_____,11598.0,29.4831867563373,267.61214262275666,0.0,2.0,3.0,21.0,26631.0,0,86.48670500644697
EXECUTE_____,11598.0,2.2621141576133814,10.517214986319026,0.0,0.0,0.0,0.0,399.0,0,16.243506194533307
FS_ACCESS____,11598.0,73.49042938437661,219.50556440124603,0.0,8.0,20.0,52.0,8380.0,0,16.721372466152538
FS_ACCESS()____,11598.0,6.675978617002931,19.97638151775639,0.0,0.0,1.0,5.0,1192.0,0,22.37122466263711
FS_ACCESS(CREATE)____,11598.0,16.009311950336265,53.580672064916435,0.0,2.0,3.0,11.0,2670.0,0,21.382700924522545
FS_ACCESS(CREATE__APPEND)__,11598.0,0.0387997930677703,0.6668165509277231,0.0,0.0,0.0,0.0,64.0,0,78.28360093719802
FS_ACCESS(CREATE__READ)__,11598.0,0.24530091395068115,1.1870474144621521,0.0,0.0,0.0,0.0,47.0,0,15.266844164680075
FS_ACCESS(CREATE__READ__WRITE),11598.0,1.3010863942058977,2.803541261884848,0.0,0.0,0.0,2.0,101.0,0,6.8857844752094035
FS_ACCESS(CREATE__WRITE)__,11598.0,14.370063804104156,31.365180850996374,0.0,2.0,5.0,12.0,1201.0,0,10.616813629105113
FS_ACCESS(CREATE__WRITE__APPEND),11598.0,0.3402310743231592,4.767957421003492,0.0,0.0,0.0,0.0,320.0,0,43.03531144935387
FS_ACCESS(READ)____,11598.0,230.40782893602346,902.6334632654414,0.0,10.0,17.5,122.0,62791.0,0,35.548695924524665
FS_ACCESS(READ__WRITE)__,11598.0,8.62217623728229e-05,0.009285567423309299,0.0,0.0,0.0,0.0,1.0,0,107.69401097554126
FS_ACCESS(WRITE)____,11598.0,7.662355578548025,8.064603897928908,0.0,6.0,6.0,7.0,288.0,0,16.282453283931414
FS_PIPE_ACCESS___,11598.0,4.0607863424728405,10.151767812747794,0.0,1.0,1.0,3.0,397.0,0,11.243398447599553
FS_PIPE_ACCESS()___,11598.0,0.003448870494912916,0.24879844826821398,0.0,0.0,0.0,0.0,26.0,0,99.30199471525059
FS_PIPE_ACCESS(READ)___,11598.0,2.50672529746508,14.722417882005177,0.0,0.0,0.0,0.0,207.0,0,7.090685531641363
FS_PIPE_ACCESS(READ__)_,11598.0,0.28410070701845147,1.922461957614498,0.0,0.0,0.0,0.0,66.0,0,16.075756471293356
FS_PIPE_ACCESS(READ__WRITE)_,11598.0,3.185376789101569,3.629179549344782,0.0,1.0,1.0,6.0,131.0,0,5.482919021247975
FS_PIPE_ACCESS(WRITE)___,11598.0,0.564235212967753,6.63452110488308,0.0,0.0,0.0,0.0,350.0,0,35.08221749906032
NETWORK_ACCESS____,11598.0,5.365407828936023,19.444930457094532,0.0,0.0,0.0,10.0,1832.0,0,72.02581836872889
NETWORK_ACCESS()____,11598.0,5.287808242800483,22.130121700089415,0.0,0.0,0.0,3.0,1053.0,0,19.31168823395635
NETWORK_ACCESS(READ)____,11598.0,0.0011208829108466977,0.033462263474605604,0.0,0.0,0.0,0.0,1.0,0,29.822558822346316
NETWORK_ACCESS(READ__WRITE)__,11598.0,7.104328332471115,17.53493602601335,0.0,0.0,2.0,7.0,934.0,0,17.864813234130242
NETWORK_ACCESS(READ__WRITE__),11598.0,0.0006897740989825832,0.05414163717210116,0.0,0.0,0.0,0.0,5.0,0,82.56151001344705
NETWORK_ACCESS(WRITE)____,11598.0,5.380237972064149,28.33557813784462,0.0,1.0,1.0,3.0,1491.0,0,29.270793956651076
NETWORK_ACCESS(WRITE__)__,11598.0,0.22615968270391446,0.9102040585226161,0.0,0.0,0.0,0.0,25.0,0,9.06728879711354
SMS_SEND____,11598.0,0.046301086394205895,0.9552429634952889,0.0,0.0,0.0,0.0,69.0,0,65.29703150572118
TERMINATE_PROCESS,11598.0,0.9173133298844628,3.9669639425806307,0.0,0.0,0.0,0.0,132.0,0,13.343356351194767
TERMINATE_THREAD,11598.0,9.516899465425073,22.02695791197636,0.0,1.0,3.0,10.0,1318.0,0,21.528354267915486
__arm_nr_cacheflush,11598.0,1081.5514780145927,4410.989114499707,0.0,0.0,0.0,0.0,117361.0,0,9.908170170477133
__arm_nr_set_tls,11598.0,30.457751336437315,33.54426881012004,0.0,10.0,17.0,39.0,1332.0,0,7.3257473198975696
_llseek,11598.0,212.38398477917693,3024.0343553735834,0.0,6.0,6.0,34.0,85639.29023863976,0,20.338697510440387
_newselect,11598.0,53.236851181238144,917.0605350062212,0.0,0.0,0.0,0.0,55702.0,0,37.14421802321969
accept,11598.0,0.002586652871184687,0.06428304687769827,0.0,0.0,0.0,0.0,3.0,0,29.099345129027505
access,11598.0,306.0732884980169,1627.7768250688302,0.0,8.0,22.0,96.0,16367.0,0,8.099026277190534
add,11598.0,8.62217623728229e-05,0.009285567423309297,0.0,0.0,0.0,0.0,1.0,0,107.69401097554125
addAccessibilityInteractionConnection,11598.0,0.5614761165718227,3.06030993499671,0.0,0.0,0.0,1.0,187.0,0,29.231774320833697
addAccountExplicitly,11598.0,0.0012071046732195206,0.034723933152072776,0.0,0.0,0.0,0.0,1.0,0,28.734010146948847
addClient,11598.0,0.8743748922227971,0.3332568387080923,0.0,1.0,1.0,1.0,2.0,0,-2.210431512559655
addPeriodicSync,11598.0,0.0007759958613554061,0.027847092368039547,0.0,0.0,0.0,0.0,1.0,0,35.860843231625104
addStatusChangeListener,11598.0,0.0001724435247456458,0.013131209200943515,0.0,0.0,0.0,0.0,1.0,0,76.14131428669309
addToDisplay,11598.0,2.2184859458527333,4.438968017732047,0.0,0.0,1.0,3.0,184.0,0,11.603879960777276
addToDisplayWithoutInputChannel,11598.0,0.05750991550267288,0.2998434368218389,0.0,0.0,0.0,0.0,10.0,0,8.922359014057166
addWithoutInputChannel,11598.0,0.0004311088118641145,0.02075957887812497,0.0,0.0,0.0,0.0,1.0,0,48.13730147418501
attachEngine,11598.0,0.0001724435247456458,0.013131209200943515,0.0,0.0,0.0,0.0,1.0,0,76.14131428669309
beginRestoreSession,11598.0,0.0001724435247456458,0.013131209200943515,0.0,0.0,0.0,0.0,1.0,0,76.14131428669309
bind,11598.0,6.9123124676668395,29.8277597323244,0.0,0.0,1.0,5.0,1490.0,0,25.659598089320017
brk,11598.0,173.0313847215037,283.1770754565969,0.0,31.0,73.0,216.0,7699.0,0,6.760580560573059
cancelAllNotifications,11598.0,0.014830143128125538,0.2941540757486658,0.0,0.0,0.0,0.0,25.0,0,60.04151457806808
cancelNotificationWithTag,11598.0,0.13338506639075703,2.1831042263981666,0.0,0.0,0.0,0.0,194.0,0,63.12566975189909
cancelSync,11598.0,8.62217623728229e-05,0.009285567423309299,0.0,0.0,0.0,0.0,1.0,0,107.69401097554126
cancelToast,11598.0,0.0004311088118641145,0.02456457835195712,0.0,0.0,0.0,0.0,2.0,0,63.949400075548645
cancelVibrate,11598.0,0.0005173305742369374,0.02936025064710961,0.0,0.0,0.0,0.0,2.0,0,61.28411641791332
capset,11598.0,0.9829280910501811,0.1295449954267842,0.0,1.0,1.0,1.0,1.0,0,-7.457044274760662
chdir,11598.0,0.0760475944128298,2.494193066575322,0.0,0.0,0.0,0.0,216.0,0,71.07887794841423
checkOperation,11598.0,0.11019141231246767,0.5234169293928608,0.0,0.0,0.0,0.0,4.0,0,5.028079001403485
checkPackage,11598.0,0.07992757371960683,1.310898037150992,0.0,0.0,0.0,0.0,119.0,0,69.55636950460877
checkPermission,11598.0,2.203483359199862,35.73805974464279,0.0,0.0,0.0,0.0,3460.0,0,83.42698636535687
checkSignatures,11598.0,0.02793585100879462,1.483517234143968,0.0,0.0,0.0,0.0,137.0,0,76.79242904538312
chmod,11598.0,13.226763235040524,33.034403994343826,0.0,1.0,4.0,11.0,1572.0,0,18.230064138213933
chown32,11598.0,0.0006035523366097603,0.06499897196316509,0.0,0.0,0.0,0.0,7.0,0,107.69401097554126
clock_getres,11598.0,0.0006035523366097603,0.02456094610573896,0.0,0.0,0.0,0.0,1.0,0,40.67291040416061
clock_gettime,11238.0,941636.2939829377,3268749.348455036,0.0,282.25,1939.4928478544552,20166.25,12807830.0,360,3.327330260363237
clone,11598.0,29.661407139161923,31.74354170421408,0.0,10.0,17.0,39.0,1332.0,0,8.223919099760824
close,11598.0,454.94568028970514,1251.729120854861,0.0,34.0,77.0,569.0,67329.0,0,21.94605199343967
collapsePanels,11598.0,0.000862217623728229,0.07656919698341311,0.0,0.0,0.0,0.0,8.0,0,99.86731925833567
connect,11598.0,13.11182962579755,41.85838021084428,0.0,1.0,3.0,12.0,1826.0,0,21.781204795720807
currentToCanonicalPackageNames,11598.0,0.007501293326435592,0.4560863718692582,0.0,0.0,0.0,0.0,37.0,0,70.04115746241897
dataChanged,11598.0,0.004397309881013968,0.22185025040143433,0.0,0.0,0.0,0.0,18.0,0,66.73887895544085
deleteHost,11598.0,0.000862217623728229,0.029352146237143016,0.0,0.0,0.0,0.0,1.0,0,34.01617491727893
disconnect,11598.0,0.005776858078979134,0.12129228234039717,0.0,0.0,0.0,0.0,10.0,0,52.97323724983489
displayCompletions,11598.0,0.006897740989825832,0.123698076659469,0.0,0.0,0.0,0.0,5.0,0,24.802648450535937
dup,11598.0,21.252112433178134,114.402719844299,0.0,2.0,9.0,22.0,10282.0,0,68.42173783694288
dup2,11598.0,1.825745818244525,9.809027700471495,0.0,0.0,0.0,0.0,396.0,0,18.56480697275864
endRestoreSession,11598.0,0.0001724435247456458,0.013131209200943515,0.0,0.0,0.0,0.0,1.0,0,76.14131428669309
engineShown,11598.0,8.62217623728229e-05,0.009285567423309299,0.0,0.0,0.0,0.0,1.0,0,107.69401097554125
enqueueNotificationWithTag,11598.0,0.04604242110708743,1.4473429207760926,0.0,0.0,0.0,0.0,150.0,0,96.80236400658175
enqueueToast,11598.0,0.7052077944473185,19.070961429389726,0.0,0.0,0.0,0.0,770.0,0,32.628160590629854
epoll_create,11598.0,4.099844800827729,5.0371764391687925,0.0,1.0,1.0,8.0,224.0,0,9.720479719671149
epoll_ctl,11598.0,16.615106052767718,44.117893585239464,0.0,1.0,6.0,18.0,1542.0,0,12.098503922245811
epoll_wait,11598.0,2863.0505259527504,9854.291188994353,0.0,19.0,151.0,927.5,410669.0,0,14.577648206776194
eventfd2,11598.0,0.0020693222969477496,0.125257460566281,0.0,0.0,0.0,0.0,12.0,0,81.31365176410847
execve,11598.0,2.2621141576133814,10.517214986319026,0.0,0.0,0.0,0.0,399.0,0,16.243506194533307
exit,11598.0,9.517761683048802,22.02710990677919,0.0,1.0,3.0,10.0,1318.0,0,21.527798048585897
exit_group,11598.0,0.9164511122607346,3.9652717790560215,0.0,0.0,0.0,0.0,132.0,0,13.358317793219122
faccessat,11598.0,8.62217623728229e-05,0.009285567423309297,0.0,0.0,0.0,0.0,1.0,0,107.69401097554126
fchmod,11598.0,1.0972581479565442,2.4321488805247093,0.0,0.0,0.0,1.0,39.0,0,3.4208042791246376
fchown32,11598.0,33.22529746508019,184.36159744240027,0.0,0.0,0.0,10.0,8301.0,0,24.56104798447227
fcntl,11598.0,8.62217623728229e-05,0.009285567423309299,0.0,0.0,0.0,0.0,1.0,0,107.69401097554126
fcntl64,11598.0,364.77099499913777,1465.6311680239232,0.0,7.0,43.0,286.75,61766.0,0,20.653928175496898
fdatasync,11598.0,37.17942748749785,221.23978892158928,0.0,0.0,0.0,20.0,13240.0,0,31.358504525639248
finishDrawing,11598.0,3.5494050698396276,6.473253325327542,0.0,0.0,2.0,4.0,263.0,0,9.47450757705947
finishInput,11598.0,0.043197102948784274,0.3271717063950301,0.0,0.0,0.0,0.0,12.0,0,20.04395987544086
finishSpellCheckerService,11598.0,0.0037937575444042075,0.0730192877903848,0.0,0.0,0.0,0.0,3.0,0,22.882232891957543
flock,11598.0,3.0596654595619937,5.238328831372456,0.0,2.0,2.0,2.0,334.0,0,31.66443633451295
fork,11598.0,0.9875840662183135,4.258385375204319,0.0,0.0,0.0,0.0,140.0,0,13.337616600830092
fstat64,11598.0,430.76220037937577,1177.6049920502935,0.0,14.0,53.0,585.0,41684.0,0,13.909245678743527
fstatfs64,11598.0,8.62217623728229e-05,0.009285567423309299,0.0,0.0,0.0,0.0,1.0,0,107.69401097554123
fsync,11598.0,7.8400586307984135,21.029751216141975,0.0,0.0,1.0,6.0,1197.0,0,19.48712331094351
ftruncate,11598.0,9.615537161579583,67.91923433030938,0.0,0.0,0.0,0.0,1764.0,0,11.666371311472501
ftruncate64,11598.0,0.23072943610967409,1.273517852931728,0.0,0.0,0.0,0.0,52.0,0,11.351263760240345
futex,11598.0,3269.91924900747,13434.819324522674,0.0,103.0,398.0,2213.75,359838.0,0,10.484524898539565
geocoderIsPresent,11598.0,0.0005173305742369374,0.026259587271104473,0.0,0.0,0.0,0.0,2.0,0,57.094902421766115
getAccounts,11598.0,0.021641662355578548,0.23992467106115167,0.0,0.0,0.0,0.0,6.0,0,14.447132035066296
getAccountsAsUser,11598.0,0.06268322124504225,1.404836166424028,0.0,0.0,0.0,0.0,106.0,0,50.506756536272285
getActiveAdmins,11598.0,0.7175375064666322,77.24663466644215,0.0,0.0,0.0,0.0,8319.0,0,107.69400397346207
getActiveNetworkInfo,11598.0,77.64330056906363,1171.6553465992,0.0,0.0,0.0,6.0,35812.0,0,18.59711077095151
getActivePhoneType,11598.0,3.2821176064838764,19.06236369611107,0.0,0.0,0.0,2.0,1208.0,0,43.49113503742935
getActivityInfo,11598.0,0.9199862045180204,3.141976141286667,0.0,0.0,0.0,1.0,145.0,0,17.618381309367066
getAllCellInfo,11598.0,0.014312812553888601,0.39129354500777824,0.0,0.0,0.0,0.0,18.0,0,34.64336837481036
getAllNetworkInfo,11598.0,1.2047766856354545,6.052817562585566,0.0,0.0,0.0,0.0,150.0,0,6.216545775143639
getAllPkgUsageStats,11598.0,8.62217623728229e-05,0.009285567423309297,0.0,0.0,0.0,0.0,1.0,0,107.69401097554126
getAllProviders,11598.0,0.029487842731505433,0.8491414671078131,0.0,0.0,0.0,0.0,53.0,0,46.88849875245173
getAnimationScale,11598.0,0.6807208139334368,0.4678791019201248,0.0,0.0,1.0,1.0,3.0,0,-0.7475960401892251
getAppWidgetIds,11598.0,0.04724952578030695,0.710246473126623,0.0,0.0,0.0,0.0,29.0,0,25.820834403650466
getAppWidgetInfo,11598.0,0.0001724435247456458,0.018571134846618598,0.0,0.0,0.0,0.0,2.0,0,107.69401097554123
getApplicationEnabledSetting,11598.0,0.01784790481117434,1.0005304053256139,0.0,0.0,0.0,0.0,68.0,0,63.105166057039845
getApplicationInfo,11598.0,5.448870494912916,70.99824999950671,0.0,0.0,1.0,3.0,4886.0,0,57.36131699250524
getApplicationRestrictions,11598.0,0.10070701845145714,0.8792970199695322,0.0,0.0,0.0,0.0,29.0,0,15.697475871690855
getAuthenticatorTypes,11598.0,0.0006035523366097603,0.05648111179672575,0.0,0.0,0.0,0.0,6.0,0,103.8353362290271
getBestProvider,11598.0,0.03121227797896189,0.3080788486598887,0.0,0.0,0.0,0.0,11.0,0,16.955252450890082
getBoolean,11598.0,0.0002586652871184687,0.02076244379957981,0.0,0.0,0.0,0.0,2.0,0,86.68602547264082
getCallState,11598.0,0.005000862217623728,0.09726356416092312,0.0,0.0,0.0,0.0,4.0,0,24.965235549674603
getCameraDisabled,11598.0,0.0001724435247456458,0.018571134846618598,0.0,0.0,0.0,0.0,2.0,0,107.69401097554123
getCameraInfo,11598.0,0.020865666494223143,0.424415510283677,0.0,0.0,0.0,0.0,35.0,0,55.10770902316265
getCellLocation,11598.0,0.9412829798241076,5.683126169502647,0.0,0.0,0.0,0.0,165.0,0,12.015976898322577
getClientDefaultLanguage,11598.0,0.003362648732540093,0.07706170401502271,0.0,0.0,0.0,0.0,3.0,0,27.572238839439738
getComponentEnabledSetting,11598.0,0.028711846870150024,1.067096246757582,0.0,0.0,0.0,0.0,110.0,0,95.22840821378983
getConfiguredNetworks,11598.0,0.0013795481979651664,0.058713410486098266,0.0,0.0,0.0,0.0,4.0,0,57.879857531109124
getConnectionInfo,11598.0,89.12536644249009,3015.470540188709,0.0,0.0,0.0,0.0,141933.0,0,43.31702114929795
getCurrentInputMethodSubtype,11598.0,0.0006035523366097603,0.06499897196316508,0.0,0.0,0.0,0.0,7.0,0,107.69401097554132
getCurrentModeType,11598.0,0.005431971029487843,0.38361925235494704,0.0,0.0,0.0,0.0,41.0,0,105.29763306946089
getCurrentSpellChecker,11598.0,0.09596482152095188,0.4912084860916129,0.0,0.0,0.0,0.0,18.0,0,10.458854224333859
getCurrentSpellCheckerSubtype,11598.0,0.8784273150543197,5.686156659446406,0.0,0.0,0.0,0.0,184.0,0,14.507703743310907
getDataActivity,11598.0,8.62217623728229e-05,0.009285567423309299,0.0,0.0,0.0,0.0,1.0,0,107.69401097554126
getDataNetworkType,11598.0,40.078116916709774,688.1849872193782,0.0,0.0,0.0,0.0,15277.0,0,18.06613301001983
getDataState,11598.0,0.024573202276254525,1.8770980705014275,0.0,0.0,0.0,0.0,201.0,0,105.90485148229212
getDeviceId,11598.0,22.919037765131918,343.86429321665366,0.0,0.0,0.0,3.0,7640.0,0,18.046002045712154
getDeviceList,11598.0,0.0001724435247456458,0.013131209200943515,0.0,0.0,0.0,0.0,1.0,0,76.14131428669309
getDeviceOwner,11598.0,0.016727021900327644,0.18167182702219076,0.0,0.0,0.0,0.0,3.0,0,10.884598545001321
getDeviceSvn,11598.0,0.012243490256940852,0.1469007886849627,0.0,0.0,0.0,0.0,6.0,0,17.324100788548435
getDhcpInfo,11598.0,0.0012071046732195206,0.08710173435016375,0.0,0.0,0.0,0.0,9.0,0,96.53693591828183
getDisplayFrame,11598.0,0.11605449215381962,8.026771357994603,0.0,0.0,0.0,0.0,857.0,0,105.0913140566534
getDisplayIds,11598.0,0.003966201069149853,0.06937653015375442,0.0,0.0,0.0,0.0,3.0,0,21.007271899289393
getDisplayInfo,11598.0,30.993360924297292,352.04040714315045,0.0,6.0,7.0,9.0,7650.0,0,17.527409394641044
getEnabledAccessibilityServiceList,11598.0,0.9353336782203828,22.83752235629351,0.0,0.0,0.0,0.0,594.0,0,24.65149215277687
getEnabledInputMethodList,11598.0,0.0493188480772547,3.304888704982947,0.0,0.0,0.0,0.0,353.0,0,105.11710557478571
getEnabledInputMethodSubtypeList,11598.0,0.013795481979651664,0.3240513676220853,0.0,0.0,0.0,0.0,14.0,0,28.881762759105282
getFlashlightEnabled,11598.0,0.0003448870494912916,0.026262418401887033,0.0,0.0,0.0,0.0,2.0,0,76.14131428669307
getFromLocation,11598.0,0.0046559751681324365,0.17465238571784172,0.0,0.0,0.0,0.0,16.0,0,72.08816910429833
getGlobalSearchActivity,11598.0,0.0015519917227108122,0.10255512260802707,0.0,0.0,0.0,0.0,8.0,0,70.47677259658579
getGroupIdLevel1,11598.0,0.0,0.0,0.0,0.0,0.0,0.0,0.0,0,0.0
getHeightHint,11598.0,0.007242628039317123,0.08680846254840528,0.0,0.0,0.0,0.0,2.0,0,12.405598200282896
getIccSerialNumber,11598.0,1.7561648560096568,7.882820970269635,0.0,0.0,0.0,0.0,129.0,0,6.974403015900876
getInTouchMode,11598.0,0.9874978444559407,3.644161922192048,0.0,0.0,0.0,0.0,95.0,0,9.091315970632824
getInputDevice,11598.0,0.2886704604242111,0.46313910102135003,0.0,0.0,0.0,1.0,5.0,0,1.1796240005083856
getInputDeviceIds,11598.0,0.2854802552164166,0.4516623387442526,0.0,0.0,0.0,1.0,1.0,0,0.9500758655293393
getInputMethodList,11598.0,0.00594930160372478,0.4615592584434542,0.0,0.0,0.0,0.0,49.0,0,103.48927954994001
getInstallLocation,11598.0,8.62217623728229e-05,0.009285567423309299,0.0,0.0,0.0,0.0,1.0,0,107.69401097554125
getInstalledApplications,11598.0,0.13278151405414726,3.5386423760166466,0.0,0.0,0.0,0.0,182.0,0,44.887986613960614
getInstalledPackages,11598.0,0.44507673736851183,3.850201360982173,0.0,0.0,0.0,0.0,183.0,0,34.42631858473587
getInstalledProviders,11598.0,0.000862217623728229,0.039387587719686784,0.0,0.0,0.0,0.0,2.0,0,47.92201438923518
getInstallerPackageName,11598.0,0.3541989998275565,6.470187204002205,0.0,0.0,0.0,0.0,637.0,0,84.06905595673432
getIsSyncable,11598.0,8.62217623728229e-05,0.009285567423309297,0.0,0.0,0.0,0.0,1.0,0,107.69401097554125
getLastChosenActivity,11598.0,0.0002586652871184687,0.01608168766387291,0.0,0.0,0.0,0.0,1.0,0,62.16107875993707
getLastInputMethodSubtype,11598.0,8.62217623728229e-05,0.009285567423309299,0.0,0.0,0.0,0.0,1.0,0,107.69401097554125
getLastLocation,11598.0,0.29349887911708916,2.2066032780467535,0.0,0.0,0.0,0.0,80.0,0,16.532979204886033
getLine1Number,11598.0,25.249094671495087,282.26120996300506,0.0,0.0,0.0,1.0,3550.0,0,11.796674256569217
getLong,11598.0,0.0005173305742369374,0.04152488759915962,0.0,0.0,0.0,0.0,4.0,0,86.68602547264082
getMasterSyncAutomatically,11598.0,0.0019831005345749267,0.09956116035818025,0.0,0.0,0.0,0.0,6.0,0,57.52992526133991
getMessenger,11598.0,0.0004311088118641145,0.030795053148746736,0.0,0.0,0.0,0.0,3.0,0,85.59951172165533
getMobileDataEnabled,11598.0,0.02621141576133816,0.32060558181109794,0.0,0.0,0.0,0.0,14.0,0,17.602587908523912
getMobileIfaces,11598.0,0.08725642352129677,8.703046065700917,0.0,0.0,0.0,0.0,937.0,0,107.60099160397127
getMode,11598.0,0.0817382307294361,0.8097721768904219,0.0,0.0,0.0,0.0,45.0,0,25.66615386922943
getNameForUid,11598.0,0.015088808415244008,0.9598456848738782,0.0,0.0,0.0,0.0,70.0,0,67.28753611594041
getNeighboringCellInfo,11598.0,0.15261251939989653,1.676261887057139,0.0,0.0,0.0,0.0,44.0,0,11.847458207010124
getNetworkInfo,11598.0,1.2841007070184514,30.960030487925234,0.0,0.0,0.0,0.0,3245.0,0,99.65658060223026
getNetworkPreference,11598.0,0.0001724435247456458,0.013131209200943513,0.0,0.0,0.0,0.0,1.0,0,76.1413142866931
getNightMode,11598.0,0.03819624073116055,0.525628353107749,0.0,0.0,0.0,0.0,28.0,0,26.480281231366757
getNumberOfCameras,11598.0,0.02612519399896534,0.46625213685224226,0.0,0.0,0.0,0.0,29.0,0,40.87034195938102
getPackageGids,11598.0,0.0018968787722021038,0.10254932276622451,0.0,0.0,0.0,0.0,7.0,0,61.20204198850639
getPackageInfo,11598.0,27.29444731850319,345.64652963844446,0.0,1.0,2.0,5.0,7639.0,0,17.834481762689435
getPackageSizeInfo,11598.0,0.05380237972064149,2.307902588598456,0.0,0.0,0.0,0.0,147.0,0,51.04583547068765
getPackagesForUid,11598.0,7.876702879806864,370.8605270733168,0.0,1.0,1.0,1.0,20004.0,0,53.826369612060525
getPassword,11598.0,8.62217623728229e-05,0.009285567423309297,0.0,0.0,0.0,0.0,1.0,0,107.69401097554126
getPermissionGroupInfo,11598.0,0.023279875840662184,2.507103204293509,0.0,0.0,0.0,0.0,270.0,0,107.6940109755414
getPermissionInfo,11598.0,0.02586652871184687,2.544731999713388,0.0,0.0,0.0,0.0,274.0,0,107.62979762189097
getPreferredActivities,11598.0,0.0006035523366097603,0.038282268031959055,0.0,0.0,0.0,0.0,3.0,0,66.053186221568
getPreferredPackages,11598.0,0.0003448870494912916,0.0185687326301791,0.0,0.0,0.0,0.0,1.0,0,53.82610650420192
getPrimaryClip,11598.0,0.0010346611484738748,0.03712945649071939,0.0,0.0,0.0,0.0,2.0,0,40.35390301179316
getProviderInfo,11598.0,0.0011208829108466977,0.03827061360454808,0.0,0.0,0.0,0.0,2.0,0,38.37773558058127
getProviderProperties,11598.0,0.0023279875840662182,0.09868373366864826,0.0,0.0,0.0,0.0,8.0,0,59.9661562173348
getProviders,11598.0,0.021900327642697018,0.4885899378225533,0.0,0.0,0.0,0.0,40.0,0,54.60524479267831
getProxy,11598.0,0.9831005345749267,0.13023142049144115,0.0,1.0,1.0,1.0,2.0,0,-7.261562945990657
getReceiverInfo,11598.0,0.21288153129849974,1.0833742228582957,0.0,0.0,0.0,0.0,19.0,0,8.4992458651523
getRingerMode,11598.0,0.08363510950163822,0.8397962456589919,0.0,0.0,0.0,0.0,45.0,0,25.626730677609036
getRingtonePlayer,11598.0,0.0007759958613554061,0.030788292381463352,0.0,0.0,0.0,0.0,2.0,0,44.25088391899212
getScanResults,11598.0,0.03345404380065529,0.7890898193725814,0.0,0.0,0.0,0.0,32.0,0,33.38760012253396
getSearchableInfo,11598.0,0.010863942058975685,0.1475946498897774,0.0,0.0,0.0,0.0,6.0,0,19.413633340467438
getSearchablesInGlobalSearch,11598.0,8.62217623728229e-05,0.009285567423309299,0.0,0.0,0.0,0.0,1.0,0,107.69401097554123
getServiceInfo,11598.0,0.24624935333678222,2.8094113726294454,0.0,0.0,0.0,0.0,108.0,0,29.338568796102905
getSpellCheckerService,11598.0,0.09493016037247802,0.4915849508022992,0.0,0.0,0.0,0.0,19.0,0,11.150523404930201
getState,11598.0,0.002500431108811864,0.04994390877905695,0.0,0.0,0.0,0.0,1.0,0,19.925768183992915
getStorageEncryptionStatus,11598.0,0.0022417658216933953,0.1203390177095188,0.0,0.0,0.0,0.0,11.0,0,77.24612491653028
getStreamMaxVolume,11598.0,0.04974995688911881,1.5019832330602603,0.0,0.0,0.0,0.0,119.0,0,62.60650451797501
getStreamVolume,11598.0,0.5595792377996206,2.731027125747007,0.0,0.0,0.0,0.0,125.0,0,23.210895980518362
getString,11598.0,0.0022417658216933953,0.07654122720909616,0.0,0.0,0.0,0.0,4.0,0,38.37773558058127
getSubscriberId,11598.0,3.224004138644594,12.292061222576855,0.0,0.0,0.0,1.0,169.0,0,5.820264623154165
getSyncAutomatically,11598.0,8.62217623728229e-05,0.009285567423309299,0.0,0.0,0.0,0.0,1.0,0,107.69401097554126
getSystemAvailableFeatures,11598.0,0.0030177616830488014,0.06081733148544395,0.0,0.0,0.0,0.0,2.0,0,22.471334051611084
getSystemSharedLibraryNames,11598.0,0.0018968787722021038,0.11890327952781873,0.0,0.0,0.0,0.0,12.0,0,90.96469373897096
getTetheredIfaces,11598.0,0.0003448870494912916,0.026262418401887026,0.0,0.0,0.0,0.0,2.0,0,76.1413142866931
getUserData,11598.0,0.0022417658216933953,0.22362448084285316,0.0,0.0,0.0,0.0,24.0,0,106.64333134433508
getUserIcon,11598.0,0.017071908949818936,0.18352882196683887,0.0,0.0,0.0,0.0,2.0,0,10.68585136335071
getUserRestrictions,11598.0,0.008535954474909468,0.8824188411221074,0.0,0.0,0.0,0.0,95.0,0,107.58795499351348
getUserSerialNumber,11598.0,0.004397309881013968,0.3642628124016444,0.0,0.0,0.0,0.0,39.0,0,105.86430744056764
getUsers,11598.0,0.01724435247456458,0.18538269590994072,0.0,0.0,0.0,0.0,3.0,0,10.712110438416174
getVibrateSetting,11598.0,0.002500431108811864,0.16426650915717478,0.0,0.0,0.0,0.0,16.0,0,84.57403936528229
getVoiceMailAlphaTag,11598.0,0.0002586652871184687,0.01608168766387291,0.0,0.0,0.0,0.0,1.0,0,62.16107875993709
getVoiceMailNumber,11598.0,0.006983962752198655,0.10105688757288182,0.0,0.0,0.0,0.0,3.0,0,19.096135580004507
getWallpaper,11598.0,0.007415071564062769,0.08875865093332141,0.0,0.0,0.0,0.0,2.0,0,12.575907388644895
getWallpaperInfo,11598.0,0.005000862217623728,0.3414042528196656,0.0,0.0,0.0,0.0,36.0,0,101.46017522152273
getWidthHint,11598.0,0.007501293326435592,0.09114799984291662,0.0,0.0,0.0,0.0,3.0,0,13.761047601669667
getWifiApConfiguration,11598.0,0.0002586652871184687,0.027856702269927903,0.0,0.0,0.0,0.0,3.0,0,107.69401097554123
getWifiApEnabledState,11598.0,0.2734092084842214,29.16621218181059,0.0,0.0,0.0,0.0,3141.0,0,107.69103573330956
getWifiDisplayStatus,11598.0,0.005087083979996551,0.10031418353466845,0.0,0.0,0.0,0.0,2.0,0,19.754356605672534
getWifiEnabledState,11598.0,0.23443697189170545,2.6998313028495646,0.0,0.0,0.0,0.0,129.0,0,30.673503948830025
getWifiServiceMessenger,11598.0,0.18804966373512674,0.3947206669025937,0.0,0.0,0.0,0.0,2.0,0,1.6723620200097926
getcwd,11598.0,0.07044317985859631,1.2606175071257102,0.0,0.0,0.0,0.0,77.0,0,40.4088568658078
getdents64,11598.0,25.668391101914125,123.3105006683448,0.0,2.0,2.0,33.0,9770.0,0,46.86701442795451
getegid32,11598.0,3.537937575444042,5.255552646287694,0.0,0.0,0.0,10.0,44.0,0,0.8927880739661073
geteuid32,11598.0,3.5689774098982583,5.529560422351625,0.0,0.0,0.0,10.0,177.0,0,3.4828842106007043
getgid32,11598.0,3.536989136057941,5.255953166547385,0.0,0.0,0.0,10.0,44.0,0,0.893430587634215
getgroups32,11598.0,0.00327642697016727,0.3261841404070096,0.0,0.0,0.0,0.0,35.0,0,106.58484601193582
getpeername,11598.0,0.020865666494223143,1.6325605620776489,0.0,0.0,0.0,0.0,175.0,0,106.2323334816855
getpgid,11598.0,0.04811174340403518,0.739454250347769,0.0,0.0,0.0,0.0,32.0,0,22.796342187191144
getpid,11598.0,2162.437922351508,8839.663266765792,0.0,31.0,94.0,605.75,407515.0,0,18.12181331799274
getppid,11598.0,1.8124676668391102,131.33213998201086,0.0,0.0,0.0,0.0,10001.0,0,76.12731871700352
getpriority,11598.0,86.35609587859976,307.1210293420806,0.0,28.0,49.0,92.0,16617.0,0,44.033127447162116
getresgid32,11598.0,0.0001724435247456458,0.018571134846618594,0.0,0.0,0.0,0.0,2.0,0,107.69401097554127
getresuid32,11598.0,0.0002586652871184687,0.0278567022699279,0.0,0.0,0.0,0.0,3.0,0,107.69401097554126
getrusage,11598.0,0.08717020175892395,2.1921743223456835,0.0,0.0,0.0,0.0,112.0,0,35.57191664075588
getsockname,11598.0,12.11915847559924,57.84920864642907,0.0,0.0,2.0,10.0,2980.0,0,27.924719701071943
getsockopt,11598.0,28.306604586997757,110.39806458826511,0.0,3.0,4.0,19.0,4484.0,0,18.61968593361594
gettid,11598.0,155.99163648904982,544.3626732520072,0.0,25.0,39.0,225.0,22594.0,0,29.95196603548826
gettimeofday,11316.0,1786059.1743883346,6526870.31858614,0.0,7.0,174.0,1341.0,25718520.0,282,3.393331003363059
getuid32,11598.0,2651.982984554093,9570.023554674759,0.0,43.0,121.0,716.75,407482.0,0,15.094006665076261
hasClipboardText,11598.0,8.62217623728229e-05,0.009285567423309299,0.0,0.0,0.0,0.0,1.0,0,107.69401097554125
hasIccCard,11598.0,8.62217623728229e-05,0.009285567423309299,0.0,0.0,0.0,0.0,1.0,0,107.69401097554125
hasKeys,11598.0,0.0027590963959303327,0.13644740132073627,0.0,0.0,0.0,0.0,13.0,0,79.04166281145096
hasNamedWallpaper,11598.0,0.002500431108811864,0.2692814552759697,0.0,0.0,0.0,0.0,29.0,0,107.69401097554127
hasNavigationBar,11598.0,0.8750646663217796,0.33299857171260255,0.0,1.0,1.0,1.0,2.0,0,-2.205745242353968
hasPrimaryClip,11598.0,0.0011208829108466977,0.05492508912491406,0.0,0.0,0.0,0.0,5.0,0,72.28762474353012
hasSystemFeature,11598.0,1.4480944990515605,3.1470287609559797,0.0,0.0,0.0,3.0,92.0,0,8.958833797496048
hasVibrator,11598.0,0.0002586652871184687,0.01608168766387291,0.0,0.0,0.0,0.0,1.0,0,62.16107875993707
hideSoftInput,11598.0,0.010519055009484394,0.1724083587699224,0.0,0.0,0.0,0.0,5.0,0,20.65081294368684
inKeyguardRestrictedInputMode,11598.0,0.09087773754095534,3.275436274086625,0.0,0.0,0.0,0.0,233.0,0,58.649238298588784
inotify_add_watch,11598.0,48.994395585445766,947.9276338700957,0.0,0.0,0.0,0.0,26609.0,0,21.36941399423195
inotify_init,11598.0,0.020003448870494912,0.22157478811014067,0.0,0.0,0.0,0.0,4.0,0,13.079274203314853
inotify_rm_watch,11598.0,0.016813243662700466,0.8468945863650317,0.0,0.0,0.0,0.0,80.0,0,79.50815416612929
ioctl,11598.0,3007.1057941024314,13918.587360028636,0.0,82.0,263.0,979.0,201787.0,0,6.882849936863452
isActiveNetworkMetered,11598.0,0.05483704086911537,0.6132342053140466,0.0,0.0,0.0,0.0,34.0,0,26.123593366341108
isAdminActive,11598.0,4.607432315916538,88.70265328683062,0.0,0.0,0.0,0.0,3773.0,0,29.889871552960873
isBluetoothA2dpOn,11598.0,0.002500431108811864,0.04994390877905695,0.0,0.0,0.0,0.0,1.0,0,19.925768183992915
isBluetoothScoOn,11598.0,0.0006897740989825832,0.039390985267909476,0.0,0.0,0.0,0.0,3.0,0,62.03312462692086
isCameraSoundForced,11598.0,0.021038110018968787,0.4262316556299496,0.0,0.0,0.0,0.0,35.0,0,54.61319638367845
isImsSmsSupported,11598.0,0.04035178479048112,0.3881396080358326,0.0,0.0,0.0,0.0,17.0,0,24.730898255026943
isKeyguardLocked,11598.0,0.009053285049146405,0.8761373029890188,0.0,0.0,0.0,0.0,94.0,0,106.54648345519846
isKeyguardSecure,11598.0,0.000862217623728229,0.07656919698341311,0.0,0.0,0.0,0.0,8.0,0,99.86731925833567
isPackageAvailable,11598.0,8.62217623728229e-05,0.009285567423309297,0.0,0.0,0.0,0.0,1.0,0,107.69401097554125
isProviderEnabled,11598.0,0.08216933954130022,1.0135195711658727,0.0,0.0,0.0,0.0,72.0,0,38.39834756672372
isSafeMode,11598.0,0.0006897740989825832,0.029356705243049144,0.0,0.0,0.0,0.0,2.0,0,47.65332137018852
isScanAlwaysAvailable,11598.0,0.005000862217623728,0.25289731818979017,0.0,0.0,0.0,0.0,17.0,0,58.732161356059564
isScreenOn,11598.0,2.9914640455250905,16.42342560991401,0.0,0.0,1.0,3.0,862.0,0,29.3505165536341
isSpeakerphoneOn,11598.0,0.3863597171926194,0.9785014273415577,0.0,0.0,0.0,1.0,46.0,0,16.76219824074131
isSpellCheckerEnabled,11598.0,0.7448698051388171,5.417580897839408,0.0,0.0,0.0,0.0,179.0,0,15.452044221954182
isSyncActive,11598.0,8.62217623728229e-05,0.009285567423309299,0.0,0.0,0.0,0.0,1.0,0,107.69401097554126
isWakeLockLevelSupported,11598.0,0.0001724435247456458,0.013131209200943515,0.0,0.0,0.0,0.0,1.0,0,76.14131428669309
lgetxattr,11598.0,0.0022417658216933953,0.24142475300604183,0.0,0.0,0.0,0.0,26.0,0,107.69401097554113
link,11598.0,0.0003448870494912916,0.026262418401887026,0.0,0.0,0.0,0.0,2.0,0,76.1413142866931
listen,11598.0,0.3513536816692533,0.5776165854820151,0.0,0.0,0.0,1.0,15.0,0,4.71931424728176
locationCallbackFinished,11598.0,0.02112433178134161,0.22704609673681364,0.0,0.0,0.0,0.0,6.0,0,13.506745234255767
lseek,11598.0,69.67709949991378,209.69566217987207,0.0,8.0,10.0,39.0,8425.0,0,16.02439058969243
lstat64,11598.0,92.04440420762201,1196.162965329165,0.0,3.0,10.0,25.0,33625.0,0,21.16487182083816
madvise,11598.0,282.32195206070014,489.1355690227875,0.0,60.0,126.0,323.0,19644.0,0,15.19019466510229
mkdir,11598.0,8.211760648387653,19.02069942527097,0.0,2.0,3.0,7.0,976.0,0,22.51164708075032
mknod,11598.0,0.007587515088808415,0.3827950625348044,0.0,0.0,0.0,0.0,27.0,0,60.04041217062381
mlock,11598.0,0.012847042593550613,0.6792789058328115,0.0,0.0,0.0,0.0,61.0,0,71.2396045085928
mmap2,11598.0,296.41662355578546,529.4007692827001,0.0,74.0,131.5,312.0,28438.0,0,20.35368427541456
mount,11598.0,0.0003448870494912916,0.03714226969323719,0.0,0.0,0.0,0.0,4.0,0,107.69401097554127
mprotect,11598.0,541.330488015175,1427.7634004594725,0.0,118.0,256.0,478.0,102345.0,0,38.27283730236223
mremap,11598.0,0.02853940334540438,0.6030557592907281,0.0,0.0,0.0,0.0,33.0,0,36.03787050820452
msync,11598.0,0.3498879117089153,1.3466303762378664,0.0,0.0,0.0,0.0,57.0,0,9.928765743631308
munlock,11598.0,0.0023279875840662182,0.127639720614133,0.0,0.0,0.0,0.0,12.0,0,77.21057993717868
munmap,11598.0,145.29910329367132,417.5552478999368,0.0,28.0,55.0,152.0,28287.0,0,39.402562122052096
nanosleep,11598.0,532.6765666587459,7865.595314065632,0.0,3.0,8.0,26.0,209886.9867881985,0,17.12153458362801
notifyAppWidgetViewDataChanged,11598.0,0.012071046732195206,0.2259965052977271,0.0,0.0,0.0,0.0,8.0,0,20.386977054970224
notifyChange,11598.0,0.7008967063286774,30.46422947421234,0.0,0.0,0.0,0.0,2612.0,0,73.56002332029675
onChange,11598.0,0.0002586652871184687,0.0278567022699279,0.0,0.0,0.0,0.0,3.0,0,107.69401097554126
onClose,11598.0,0.0036213140196585617,0.06939538887789581,0.0,0.0,0.0,0.0,3.0,0,23.06957294422982
onFinished,11598.0,0.000862217623728229,0.03473420903880388,0.0,0.0,0.0,0.0,2.0,0,45.20271434360357
onGetSentenceSuggestionsMultiple,11598.0,0.2007242628039317,2.9189079498287334,0.0,0.0,0.0,0.0,49.0,0,14.8810019337233
onRectangleOnScreenRequested,11598.0,1.0508708397999655,10.673766479959996,0.0,0.0,0.0,0.0,201.0,0,15.152570787329088
onRequestContinued,11598.0,0.0007759958613554061,0.038279160531593664,0.0,0.0,0.0,0.0,3.0,0,59.905379416475235
onResult,11598.0,0.0009484393861010519,0.04254307847927992,0.0,0.0,0.0,0.0,3.0,0,52.57606367548369
open,11598.0,373.3486808070357,1084.0172274836389,0.0,37.0,59.0,480.0,63150.0,0,25.477754362989664
openSession,11598.0,0.6784790481117434,0.46763384720993756,0.0,0.0,1.0,1.0,2.0,0,-0.756772756273726
partiallyUpdateAppWidgetIds,11598.0,0.0003448870494912916,0.037142269693237195,0.0,0.0,0.0,0.0,4.0,0,107.69401097554126
performDeferredDestroy,11598.0,0.2007242628039317,1.1801114757936462,0.0,0.0,0.0,0.0,34.0,0,10.020734430094015
pingSupplicant,11598.0,0.0001724435247456458,0.018571134846618598,0.0,0.0,0.0,0.0,2.0,0,107.69401097554125
pipe,11598.0,10.595706156233833,26.67845328094115,0.0,2.0,2.0,9.0,530.0,0,6.828972890431556
pipe2,11598.0,0.008967063286773581,0.32368856736866997,0.0,0.0,0.0,0.0,29.0,0,70.33774171253579
play,11598.0,0.0002586652871184687,0.020762443799579814,0.0,0.0,0.0,0.0,2.0,0,86.68602547264074
playSoundEffect,11598.0,0.0003448870494912916,0.02274326770504683,0.0,0.0,0.0,0.0,2.0,0,73.2657499732005
playSoundEffectVolume,11598.0,0.0001724435247456458,0.018571134846618598,0.0,0.0,0.0,0.0,2.0,0,107.69401097554123
poll,11598.0,7.005259527504742,91.66324006924552,0.0,0.0,1.0,4.0,8616.0,0,79.25901920935398
prctl,11598.0,142.47827211588205,207.2277487002769,0.0,92.0,104.0,142.0,8348.0,0,24.659679105331207
pread64,11598.0,125.1189860320745,757.0772222695463,0.0,16.0,27.0,84.0,54223.0,0,46.52758156906698
prepareVpn,11598.0,0.0006897740989825832,0.034738061712651216,0.0,0.0,0.0,0.0,2.0,0,53.43204375836056
ptrace,11598.0,0.05871702017589239,1.325814228007212,0.0,0.0,0.0,0.0,91.0,0,40.1413135168748
pwrite64,11598.0,104.74150715640627,677.1865573407365,0.0,0.0,0.0,35.0,33382.0,0,27.80673098903596
queryContentProviders,11598.0,0.0002586652871184687,0.01608168766387291,0.0,0.0,0.0,0.0,1.0,0,62.161078759937055
queryIntentActivities,11598.0,1.1020865666494224,21.431581328408537,0.0,0.0,0.0,0.0,1206.0,0,41.76036344313352
queryIntentContentProviders,11598.0,0.0020693222969477496,0.1203421067898805,0.0,0.0,0.0,0.0,12.0,0,87.83433375760302
queryIntentReceivers,11598.0,0.6270908777375409,31.456108759805613,0.0,0.0,0.0,0.0,2413.0,0,75.49065017132325
queryIntentServices,11598.0,0.4977582341783066,15.804579202978724,0.0,0.0,0.0,0.0,1207.0,0,74.42822420581815
read,11331.0,2784.1352912008997,17212.78373992045,0.0,61.0,452.0,1258.0,644392.0,267,20.06314236078545
readlink,11598.0,0.18494568028970512,0.7650809942790823,0.0,0.0,0.0,0.0,42.0,0,40.50905068292258
reassociate,11598.0,8.62217623728229e-05,0.009285567423309299,0.0,0.0,0.0,0.0,1.0,0,107.69401097554125
recvfrom,11598.0,701.2896188998103,2655.553182196218,0.0,1.0,86.0,784.0,130234.0,0,23.023407504985364
recvmsg,11598.0,4.0465597516813245,14.46203802756883,0.0,0.0,0.0,3.0,809.0,0,19.06525787029261
reenableKeyguard,11598.0,0.0012933264355923435,0.05168590016520361,0.0,0.0,0.0,0.0,3.0,0,43.023395303912665
registerCallback,11598.0,0.9830143128125539,0.12988869002536518,0.0,1.0,1.0,1.0,2.0,0,-7.358590500152456
registerContentObserver,11598.0,1.1004483531643388,6.513085227567736,0.0,0.0,0.0,1.0,325.0,0,29.178592793993275
registerInputDevicesChangedListener,11598.0,0.28530781169167097,0.45158038823567653,0.0,0.0,0.0,1.0,1.0,0,0.9510121456350925
registerMediaButtonIntent,11598.0,0.0027590963959303327,0.0870663889499948,0.0,0.0,0.0,0.0,5.0,0,40.93542854991261
registerRemoteControlClient,11598.0,0.0010346611484738748,0.03215089035270296,0.0,0.0,0.0,0.0,1.0,0,31.044328263307595
registerSuggestionSpansForNotification,11598.0,0.0,0.0,0.0,0.0,0.0,0.0,0.0,0,0.0
relayout,11598.0,4.578634247284015,10.666759214489884,0.0,0.0,1.0,5.0,414.0,0,11.501309813615263
releaseMulticastLock,11598.0,0.0004311088118641145,0.03079505314874673,0.0,0.0,0.0,0.0,3.0,0,85.5995117216554
releaseWakeLock,11598.0,0.565700982928091,16.391054740518786,0.0,0.0,0.0,0.0,707.0,0,40.435895437305255
releaseWifiLock,11598.0,0.00801862390067253,0.22976987185819409,0.0,0.0,0.0,0.0,20.0,0,63.98900034219013
remove,11598.0,0.9793067770305225,3.1337497477948912,0.0,0.0,0.0,1.0,60.0,0,9.234555535063421
removeAccessibilityInteractionConnection,11598.0,0.020607001207104673,0.6417453597236751,0.0,0.0,0.0,0.0,22.0,0,32.62384974340581
removeActiveAdmin,11598.0,0.0001724435247456458,0.013131209200943517,0.0,0.0,0.0,0.0,1.0,0,76.14131428669307
removeGpsStatusListener,11598.0,0.0018106570098292809,0.05796257352406764,0.0,0.0,0.0,0.0,3.0,0,41.09409647846207
removePrimaryClipChangedListener,11598.0,8.62217623728229e-05,0.009285567423309297,0.0,0.0,0.0,0.0,1.0,0,107.69401097554125
removeStatusChangeListener,11598.0,8.62217623728229e-05,0.009285567423309299,0.0,0.0,0.0,0.0,1.0,0,107.69401097554126
rename,11598.0,6.717106397654768,20.105389366122612,0.0,0.0,1.0,5.0,1192.0,0,22.0420433277283
requestLocationUpdates,11598.0,0.05983790308673909,0.4453851102820617,0.0,0.0,0.0,0.0,17.0,0,14.838206971829129
requestScanFile,11598.0,0.0006897740989825832,0.029356705243049144,0.0,0.0,0.0,0.0,2.0,0,47.65332137018853
resolveContentProvider,11598.0,0.12941886532160718,0.8208891237246132,0.0,0.0,0.0,0.0,27.0,0,11.547635523273316
resolveIntent,11598.0,0.292119330919124,2.8610773380429317,0.0,0.0,0.0,0.0,180.0,0,30.58680757329043
resolveService,11598.0,0.03974823245387136,0.4914265445675409,0.0,0.0,0.0,0.0,20.0,0,21.644167690234493
restorePackage,11598.0,0.0001724435247456458,0.013131209200943515,0.0,0.0,0.0,0.0,1.0,0,76.14131428669309
rmdir,11598.0,0.03552336609760304,0.42749396309845655,0.0,0.0,0.0,0.0,24.0,0,26.824939446848717
rt_sigprocmask,11598.0,0.0028453181583031556,0.16267841592779317,0.0,0.0,0.0,0.0,16.0,0,86.7892585148719
rt_sigtimedwait,11598.0,0.004742196930505259,0.07355235586371014,0.0,0.0,0.0,0.0,2.0,0,16.928753393389915
sched_get_priority_max,11598.0,0.003362648732540093,0.1522640655799449,0.0,0.0,0.0,0.0,11.0,0,53.65696585892367
sched_get_priority_min,11598.0,0.003362648732540093,0.1522640655799449,0.0,0.0,0.0,0.0,11.0,0,53.65696585892367
sched_getparam,11598.0,1.5561303673047078,10.069042330122315,0.0,0.0,0.0,0.0,163.0,0,7.759153811090536
sched_getscheduler,11598.0,1.5561303673047078,10.069042330122315,0.0,0.0,0.0,0.0,163.0,0,7.759153811090536
sched_setaffinity,11598.0,8.62217623728229e-05,0.009285567423309297,0.0,0.0,0.0,0.0,1.0,0,107.69401097554125
sched_setscheduler,11598.0,0.0038799793067770304,0.18821568615341683,0.0,0.0,0.0,0.0,16.0,0,64.47016273632477
sched_yield,11276.0,2575457.820411199,9430875.367867794,0.0,1.0,2.0,7.0,84644797.06930593,322,3.4099747722127636
send,11598.0,0.19865494050698396,4.602190628055922,0.0,0.0,0.0,0.0,392.0,0,76.8364637305226
sendAccessibilityEvent,11598.0,1.6603724780134506,14.408366852993145,0.0,0.0,0.0,0.0,557.0,0,14.66508643851671
sendExtraCommand,11598.0,0.0001724435247456458,0.018571134846618594,0.0,0.0,0.0,0.0,2.0,0,107.69401097554126
sendMultipartText,11598.0,0.0002586652871184687,0.01608168766387291,0.0,0.0,0.0,0.0,1.0,0,62.161078759937055
sendText,11598.0,0.04604242110708743,0.9551200551947384,0.0,0.0,0.0,0.0,69.0,0,65.32279771435546
sendmsg,11598.0,4.027935851008794,14.434943389268934,0.0,0.0,0.0,3.0,808.0,0,19.108078873680963
sendto,11598.0,85.43990343162615,150.1831251500037,0.0,1.0,2.0,30.0,1491.0,0,1.5172447757462393
set,11598.0,0.8823935161234696,2.4204081994634796,0.0,0.0,0.0,1.0,73.0,0,10.21169570127312
setApplicationEnabledSetting,11598.0,0.0002586652871184687,0.01608168766387291,0.0,0.0,0.0,0.0,1.0,0,62.16107875993708
setCallback,11598.0,0.0037937575444042075,0.08898703448031214,0.0,0.0,0.0,0.0,4.0,0,30.224939253627614
setComponentEnabledSetting,11598.0,0.12752198654940508,0.4787810200348297,0.0,0.0,0.0,0.0,19.0,0,11.160047783909942
setDimensionHints,11598.0,0.000862217623728229,0.037133861527771025,0.0,0.0,0.0,0.0,3.0,0,57.196445566464945
setDiscoveryRequest,11598.0,0.0055181927918606655,0.12515294968204912,0.0,0.0,0.0,0.0,5.0,0,28.024588426526297
setExtractedText,11598.0,0.0006897740989825832,0.0435495867856557,0.0,0.0,0.0,0.0,3.0,0,64.69189285348166
setFlashlightEnabled,11598.0,0.0001724435247456458,0.013131209200943517,0.0,0.0,0.0,0.0,1.0,0,76.14131428669307
setIconVisibility,11598.0,0.025780306949474047,0.2766052240343685,0.0,0.0,0.0,0.0,3.0,0,10.6451248907921
setInTouchMode,11598.0,0.22046904638730816,0.41458083112117616,0.0,0.0,0.0,0.0,1.0,0,1.3487317514092805
setIsSyncable,11598.0,0.0009484393861010519,0.03346759550437973,0.0,0.0,0.0,0.0,2.0,0,39.02645946990343
setMetadata,11598.0,0.0002586652871184687,0.027856702269927897,0.0,0.0,0.0,0.0,3.0,0,107.69401097554126
setMobileDataEnabled,11598.0,0.07199517158130712,0.6310963967924873,0.0,0.0,0.0,0.0,24.0,0,15.747371738378693
setMode,11598.0,0.20607001207104672,1.9169956129248935,0.0,0.0,0.0,0.0,22.0,0,10.693792425108745
setNetworkPreference,11598.0,8.62217623728229e-05,0.009285567423309299,0.0,0.0,0.0,0.0,1.0,0,107.69401097554125
setNightMode,11598.0,8.62217623728229e-05,0.009285567423309299,0.0,0.0,0.0,0.0,1.0,0,107.69401097554125
setPlaybackState,11598.0,8.62217623728229e-05,0.009285567423309299,0.0,0.0,0.0,0.0,1.0,0,107.69401097554126
setPlaybackStateForRcc,11598.0,0.0001724435247456458,0.013131209200943515,0.0,0.0,0.0,0.0,1.0,0,76.14131428669309
setPrimaryClip,11598.0,8.62217623728229e-05,0.009285567423309299,0.0,0.0,0.0,0.0,1.0,0,107.69401097554125
setRadio,11598.0,8.62217623728229e-05,0.009285567423309297,0.0,0.0,0.0,0.0,1.0,0,107.69401097554127
setRingerMode,11598.0,0.03414381789963787,0.3790767079096059,0.0,0.0,0.0,0.0,6.0,0,11.964321612322754
setSpeakerphoneOn,11598.0,0.0001724435247456458,0.013131209200943515,0.0,0.0,0.0,0.0,1.0,0,76.1413142866931
setStreamMute,11598.0,0.003535092257285739,0.1170382176937023,0.0,0.0,0.0,0.0,10.0,0,59.89135224220821
setStreamVolume,11598.0,0.0038799793067770304,0.12692440403649152,0.0,0.0,0.0,0.0,10.0,0,54.192316336625474
setSyncAutomatically,11598.0,0.0011208829108466977,0.03594692575528918,0.0,0.0,0.0,0.0,2.0,0,35.1838906024698
setTextAfterCursor,11598.0,0.12381445076737368,1.6675540796308248,0.0,0.0,0.0,0.0,43.0,0,19.65976189872872
setTextBeforeCursor,11598.0,0.38135885497499566,4.58200409839217,0.0,0.0,0.0,0.0,95.0,0,17.118462229072417
setTransparentRegion,11598.0,0.06121745128470426,0.45344965687967603,0.0,0.0,0.0,0.0,32.0,0,33.61027890274915
setTransportControlInfo,11598.0,0.0001724435247456458,0.018571134846618598,0.0,0.0,0.0,0.0,2.0,0,107.69401097554126
setWallpaper,11598.0,0.0005173305742369374,0.026259587271104477,0.0,0.0,0.0,0.0,2.0,0,57.094902421766115
setWallpaperPosition,11598.0,0.0006897740989825832,0.03473806171265122,0.0,0.0,0.0,0.0,2.0,0,53.43204375836055
setWifiApConfiguration,11598.0,8.62217623728229e-05,0.009285567423309299,0.0,0.0,0.0,0.0,1.0,0,107.69401097554125
setWifiApEnabled,11598.0,0.0038799793067770304,0.40866967033390567,0.0,0.0,0.0,0.0,44.0,0,107.61187278370839
setWifiEnabled,11598.0,0.07484048973961027,0.5694833857349089,0.0,0.0,0.0,0.0,11.0,0,8.610263981070933
setgid32,11598.0,0.003535092257285739,0.22610045552452562,0.0,0.0,0.0,0.0,16.0,0,66.51693825466667
setgroups32,11598.0,0.9829280910501811,0.1295449954267842,0.0,1.0,1.0,1.0,1.0,0,-7.457044274760662
setitimer,11598.0,0.002414209346439041,0.09998378851878396,0.0,0.0,0.0,0.0,8.0,0,58.25688989936703
setpgid,11598.0,0.3360924297292637,1.2052424830157025,0.0,0.0,0.0,0.0,9.0,0,4.398756008286511
setpriority,11598.0,41.455250905328505,427.9754113075922,0.0,7.0,16.0,42.0,22566.0,0,49.132740891639955
setresgid32,11598.0,0.9856871874461114,0.2470179259660326,0.0,1.0,1.0,1.0,17.0,0,45.91529577357997
setresuid32,11598.0,0.9871529574064494,0.26051828315963416,0.0,1.0,1.0,1.0,17.0,0,41.769454955809415
setrlimit,11598.0,0.9830143128125539,0.12988869002536518,0.0,1.0,1.0,1.0,2.0,0,-7.358590500152456
setsid,11598.0,0.0011208829108466977,0.04253888402971235,0.0,0.0,0.0,0.0,3.0,0,48.09788221216551
setsockopt,11598.0,25.924469736161406,129.36944464004958,0.0,0.0,3.0,21.0,11169.0,0,58.47643468501343
setuid32,11598.0,0.003535092257285739,0.22610045552452562,0.0,0.0,0.0,0.0,16.0,0,66.51693825466667
showSoftInput,11598.0,0.0028453181583031556,0.08656698922463331,0.0,0.0,0.0,0.0,6.0,0,44.96972766799792
showStrictModeViolation,11598.0,0.01008794619762028,0.19912278744107337,0.0,0.0,0.0,0.0,4.0,0,19.805300950230624
shutdown,11598.0,2.9558544576651147,33.04855886472915,0.0,0.0,0.0,0.0,872.0,0,17.658928093066777
sigaction,11598.0,10.87601310570788,42.69969463935561,0.0,1.0,1.0,1.0,930.0,0,9.890883195750046
sigaltstack,11598.0,39.98189342990171,54.128388119503875,0.0,11.0,22.0,47.0,2650.0,0,12.372842396629466
sigprocmask,11598.0,172.30341438178996,287.94357082845704,0.0,41.0,107.0,218.0,9396.0,0,11.840913842897395
sigsuspend,11598.0,0.03517847904811174,0.9270934226997137,0.0,0.0,0.0,0.0,45.0,0,37.55174149057961
socket,11598.0,19.931453698913607,52.949832763289365,0.0,1.0,4.0,19.0,1837.0,0,13.816303312488339
socketpair,11598.0,3.434299017071909,5.202441668540346,0.0,0.0,0.0,9.0,33.0,0,0.9664321252087221
startBluetoothSco,11598.0,8.62217623728229e-05,0.009285567423309299,0.0,0.0,0.0,0.0,1.0,0,107.69401097554126
startInput,11598.0,0.12528022072771167,0.3647586573287693,0.0,0.0,0.0,0.0,7.0,0,3.4409762703193185
startScan,11598.0,0.0012933264355923435,0.04045592551670653,0.0,0.0,0.0,0.0,2.0,0,35.0719562520242
startWatchingRoutes,11598.0,0.002500431108811864,0.04994390877905695,0.0,0.0,0.0,0.0,1.0,0,19.925768183992915
startWifiDisplayScan,11598.0,8.62217623728229e-05,0.009285567423309297,0.0,0.0,0.0,0.0,1.0,0,107.69401097554125
stat64,11598.0,147.87351267459906,440.0715837576869,0.0,22.0,46.0,116.0,18919.0,0,18.98689274481973
statfs64,11598.0,1.8197102948784274,6.354954424561917,0.0,0.0,0.0,1.0,141.0,0,10.132557846951846
statusBarVisibilityChanged,11598.0,0.01310570788066908,0.14799628405820364,0.0,0.0,0.0,0.0,2.0,0,12.078701648582523
stop,11598.0,0.0010346611484738748,0.03938343476270922,0.0,0.0,0.0,0.0,2.0,0,42.27664535831986
stopListening,11598.0,0.0002586652871184687,0.01608168766387291,0.0,0.0,0.0,0.0,1.0,0,62.16107875993708
stopUsingNetworkFeature,11598.0,0.0001724435247456458,0.018571134846618598,0.0,0.0,0.0,0.0,2.0,0,107.69401097554125
symlink,11598.0,0.0004311088118641145,0.030795053148746736,0.0,0.0,0.0,0.0,3.0,0,85.59951172165535
sync,11598.0,0.0030177616830488014,0.057912270031364475,0.0,0.0,0.0,0.0,2.0,0,20.713161945800497
sysinfo,11598.0,0.018710122434902568,0.1355051177117283,0.0,0.0,0.0,0.0,1.0,0,7.104866522112463
timer_create,11598.0,8.62217623728229e-05,0.009285567423309299,0.0,0.0,0.0,0.0,1.0,0,107.69401097554123
timer_settime,11598.0,0.002500431108811864,0.2692814552759697,0.0,0.0,0.0,0.0,29.0,0,107.69401097554127
toggleSoftInput,11598.0,0.0015519917227108122,0.04352738738461187,0.0,0.0,0.0,0.0,2.0,0,31.266449608818306
truncate,11598.0,0.0007759958613554061,0.0748618433976874,0.0,0.0,0.0,0.0,8.0,0,105.42338132056948
ugetrlimit,11598.0,1.4662872909122262,3.77458676485075,0.0,0.0,0.0,2.0,90.0,0,7.585195355549668
umask,11598.0,0.023624762890153476,1.581384954717866,0.0,0.0,0.0,0.0,164.0,0,97.65135016326262
uname,11598.0,1.070098292809105,0.525130310057272,0.0,1.0,1.0,1.0,23.0,0,11.194495041545276
unlink,11598.0,8.628211760648387,21.56721306942447,0.0,0.0,2.0,8.0,1198.0,0,18.48241825085081
unregisterContentObserver,11598.0,0.3113467839282635,5.789864020344737,0.0,0.0,0.0,0.0,321.0,0,38.84983338898581
unregisterMediaButtonIntent,11598.0,0.0001724435247456458,0.013131209200943515,0.0,0.0,0.0,0.0,1.0,0,76.14131428669309
unregisterRemoteControlClient,11598.0,8.62217623728229e-05,0.009285567423309297,0.0,0.0,0.0,0.0,1.0,0,107.69401097554126
updateAppWidgetIds,11598.0,0.0004311088118641145,0.024564578351957116,0.0,0.0,0.0,0.0,2.0,0,63.94940007554868
updateAppWidgetProvider,11598.0,0.0037937575444042075,0.14736133773343704,0.0,0.0,0.0,0.0,10.0,0,53.01665700224919
updateSelection,11598.0,0.39541300224176584,5.746315884310558,0.0,0.0,0.0,0.0,105.0,0,14.827829333853524
updateServiceLocation,11598.0,0.001638213485083635,0.07368687433423413,0.0,0.0,0.0,0.0,5.0,0,58.3487850390503
utimes,11598.0,0.07785825142265908,1.4091649286855736,0.0,0.0,0.0,0.0,50.0,0,22.611875955406607
vfork,11598.0,2.240903604069667,15.727153504759487,0.0,0.0,0.0,0.0,117.0,0,7.136528016202137
vibrate,11598.0,0.001724435247456458,0.06946841807760776,0.0,0.0,0.0,0.0,6.0,0,65.26875164918137
vibratePattern,11598.0,0.0007759958613554061,0.03347203821369147,0.0,0.0,0.0,0.0,2.0,0,48.22541296649815
wait4,11598.0,6.498275564752544,164.3221223445779,0.0,0.0,0.0,0.0,17431.0,0,102.86718606737352
watchRotation,11598.0,0.0006897740989825832,0.026255623175139475,0.0,0.0,0.0,0.0,1.0,0,38.04109620522037
windowGainedFocus,11598.0,1.5600103466114847,2.286191925212421,0.0,0.0,1.0,2.0,28.0,0,3.062770868307708
write,11598.0,1109.516028824795,8423.156241560406,0.0,69.0,252.0,1114.75,776646.1951530832,0,70.12623430759865
writev,11263.0,916.8830073780939,12517.377311426957,0.0,11.0,41.0,141.0,949460.0,335,50.815221684240505
